school_id,school_name,year,student_health_index,student_wellbeing_score,mental_health_referral_rate,survey_response_count,survey_source_note
S001,Maple Grove Elementary,2019,70.8,69.8,3.2,66,"Fictional aggregate school-year survey extract for teaching. Index scores are school-level aggregates; mental_health_referral_rate is service contacts per 100 students, not diagnoses."
S001,Maple Grove Elementary,2020,73.7,70.3,3.15,64,"Fictional aggregate school-year survey extract for teaching. Index scores are school-level aggregates; mental_health_referral_rate is service contacts per 100 students, not diagnoses."
S001,Maple Grove Elementary,2021,77.2,73.0,3.03,64,"Fictional aggregate school-year survey extract for teaching. Index scores are school-level aggregates; mental_health_referral_rate is service contacts per 100 students, not diagnoses."
S001,Maple Grove Elementary,2022,79.0,75.3,3.31,67,"Fictional aggregate school-year survey extract for teaching. Index scores are school-level aggregates; mental_health_referral_rate is service contacts per 100 students, not diagnoses."
S001,Maple Grove Elementary,2023,79.8,75.7,3.11,67,"Fictional aggregate school-year survey extract for teaching. Index scores are school-level aggregates; mental_health_referral_rate is service contacts per 100 students, not diagnoses."
S001,Maple Grove Elementary,2024,80.2,76.6,3.1,68,"Fictional aggregate school-year survey extract for teaching. Index scores are school-level aggregates; mental_health_referral_rate is service contacts per 100 students, not diagnoses."
S002,Rivera Middle School,2019,72.3,66.2,3.91,102,"Fictional aggregate school-year survey extract for teaching. Index scores are school-level aggregates; mental_health_referral_rate is service contacts per 100 students, not diagnoses."
S002,Rivera Middle School,2020,72.6,66.4,3.92,100,"Fictional aggregate school-year survey extract for teaching. Index scores are school-level aggregates; mental_health_referral_rate is service contacts per 100 students, not diagnoses."
S002,Rivera Middle School,2021,76.3,68.6,3.89,100,"Fictional aggregate school-year survey extract for teaching. Index scores are school-level aggregates; mental_health_referral_rate is service contacts per 100 students, not diagnoses."
S002,Rivera Middle School,2022,79.4,71.9,3.86,102,"Fictional aggregate school-year survey extract for teaching. Index scores are school-level aggregates; mental_health_referral_rate is service contacts per 100 students, not diagnoses."
S002,Rivera Middle School,2023,80.9,74.3,3.84,103,"Fictional aggregate school-year survey extract for teaching. Index scores are school-level aggregates; mental_health_referral_rate is service contacts per 100 students, not diagnoses."
S002,Rivera Middle School,2024,81.9,75.0,3.98,104,"Fictional aggregate school-year survey extract for teaching. Index scores are school-level aggregates; mental_health_referral_rate is service contacts per 100 students, not diagnoses."
S003,Cedar Valley High,2019,66.2,60.2,4.3,116,"Fictional aggregate school-year survey extract for teaching. Index scores are school-level aggregates; mental_health_referral_rate is service contacts per 100 students, not diagnoses."
S003,Cedar Valley High,2020,66.9,60.4,4.27,114,"Fictional aggregate school-year survey extract for teaching. Index scores are school-level aggregates; mental_health_referral_rate is service contacts per 100 students, not diagnoses."
S003,Cedar Valley High,2021,68.3,61.9,4.18,112,"Fictional aggregate school-year survey extract for teaching. Index scores are school-level aggregates; mental_health_referral_rate is service contacts per 100 students, not diagnoses."
S003,Cedar Valley High,2022,71.1,63.1,4.29,116,"Fictional aggregate school-year survey extract for teaching. Index scores are school-level aggregates; mental_health_referral_rate is service contacts per 100 students, not diagnoses."
S003,Cedar Valley High,2023,71.6,64.6,4.16,117,"Fictional aggregate school-year survey extract for teaching. Index scores are school-level aggregates; mental_health_referral_rate is service contacts per 100 students, not diagnoses."
S003,Cedar Valley High,2024,71.7,64.1,4.2,118,"Fictional aggregate school-year survey extract for teaching. Index scores are school-level aggregates; mental_health_referral_rate is service contacts per 100 students, not diagnoses."
S004,Juniper Ridge Elementary,2019,72.0,67.7,3.81,51,"Fictional aggregate school-year survey extract for teaching. Index scores are school-level aggregates; mental_health_referral_rate is service contacts per 100 students, not diagnoses."
S004,Juniper Ridge Elementary,2020,71.6,67.3,3.81,49,"Fictional aggregate school-year survey extract for teaching. Index scores are school-level aggregates; mental_health_referral_rate is service contacts per 100 students, not diagnoses."
S004,Juniper Ridge Elementary,2021,73.0,67.1,3.88,48,"Fictional aggregate school-year survey extract for teaching. Index scores are school-level aggregates; mental_health_referral_rate is service contacts per 100 students, not diagnoses."
S004,Juniper Ridge Elementary,2022,76.9,71.3,3.83,51,"Fictional aggregate school-year survey extract for teaching. Index scores are school-level aggregates; mental_health_referral_rate is service contacts per 100 students, not diagnoses."
S004,Juniper Ridge Elementary,2023,79.4,71.8,3.84,52,"Fictional aggregate school-year survey extract for teaching. Index scores are school-level aggregates; mental_health_referral_rate is service contacts per 100 students, not diagnoses."
S004,Juniper Ridge Elementary,2024,81.2,75.8,3.73,53,"Fictional aggregate school-year survey extract for teaching. Index scores are school-level aggregates; mental_health_referral_rate is service contacts per 100 students, not diagnoses."
S005,Harborview K-8,2019,67.7,65.2,4.02,87,"Fictional aggregate school-year survey extract for teaching. Index scores are school-level aggregates; mental_health_referral_rate is service contacts per 100 students, not diagnoses."
S005,Harborview K-8,2020,68.6,64.9,4.06,86,"Fictional aggregate school-year survey extract for teaching. Index scores are school-level aggregates; mental_health_referral_rate is service contacts per 100 students, not diagnoses."
S005,Harborview K-8,2021,70.6,68.4,3.86,85,"Fictional aggregate school-year survey extract for teaching. Index scores are school-level aggregates; mental_health_referral_rate is service contacts per 100 students, not diagnoses."
S005,Harborview K-8,2022,74.5,70.0,4.16,88,"Fictional aggregate school-year survey extract for teaching. Index scores are school-level aggregates; mental_health_referral_rate is service contacts per 100 students, not diagnoses."
S005,Harborview K-8,2023,76.2,70.8,3.96,89,"Fictional aggregate school-year survey extract for teaching. Index scores are school-level aggregates; mental_health_referral_rate is service contacts per 100 students, not diagnoses."
S005,Harborview K-8,2024,76.6,72.0,4.06,89,"Fictional aggregate school-year survey extract for teaching. Index scores are school-level aggregates; mental_health_referral_rate is service contacts per 100 students, not diagnoses."
S006,Lincoln High School,2019,63.6,59.3,3.91,141,"Fictional aggregate school-year survey extract for teaching. Index scores are school-level aggregates; mental_health_referral_rate is service contacts per 100 students, not diagnoses."
S006,Lincoln High School,2020,64.1,59.2,3.9,140,"Fictional aggregate school-year survey extract for teaching. Index scores are school-level aggregates; mental_health_referral_rate is service contacts per 100 students, not diagnoses."
S006,Lincoln High School,2021,65.2,59.9,4.01,139,"Fictional aggregate school-year survey extract for teaching. Index scores are school-level aggregates; mental_health_referral_rate is service contacts per 100 students, not diagnoses."
S006,Lincoln High School,2022,67.7,63.6,4.04,143,"Fictional aggregate school-year survey extract for teaching. Index scores are school-level aggregates; mental_health_referral_rate is service contacts per 100 students, not diagnoses."
S006,Lincoln High School,2023,70.9,66.1,3.85,143,"Fictional aggregate school-year survey extract for teaching. Index scores are school-level aggregates; mental_health_referral_rate is service contacts per 100 students, not diagnoses."
S006,Lincoln High School,2024,73.1,67.5,3.93,144,"Fictional aggregate school-year survey extract for teaching. Index scores are school-level aggregates; mental_health_referral_rate is service contacts per 100 students, not diagnoses."
S007,Sunrise STEM Academy,2019,68.5,65.7,3.78,76,"Fictional aggregate school-year survey extract for teaching. Index scores are school-level aggregates; mental_health_referral_rate is service contacts per 100 students, not diagnoses."
S007,Sunrise STEM Academy,2020,68.3,64.3,3.92,74,"Fictional aggregate school-year survey extract for teaching. Index scores are school-level aggregates; mental_health_referral_rate is service contacts per 100 students, not diagnoses."
S007,Sunrise STEM Academy,2021,70.5,65.6,3.95,73,"Fictional aggregate school-year survey extract for teaching. Index scores are school-level aggregates; mental_health_referral_rate is service contacts per 100 students, not diagnoses."
S007,Sunrise STEM Academy,2022,73.0,68.0,4.11,76,"Fictional aggregate school-year survey extract for teaching. Index scores are school-level aggregates; mental_health_referral_rate is service contacts per 100 students, not diagnoses."
S007,Sunrise STEM Academy,2023,76.2,71.2,3.96,77,"Fictional aggregate school-year survey extract for teaching. Index scores are school-level aggregates; mental_health_referral_rate is service contacts per 100 students, not diagnoses."
S007,Sunrise STEM Academy,2024,77.2,72.0,3.79,78,"Fictional aggregate school-year survey extract for teaching. Index scores are school-level aggregates; mental_health_referral_rate is service contacts per 100 students, not diagnoses."
S008,North Creek Middle,2019,66.9,64.0,3.42,97,"Fictional aggregate school-year survey extract for teaching. Index scores are school-level aggregates; mental_health_referral_rate is service contacts per 100 students, not diagnoses."
S008,North Creek Middle,2020,68.3,63.5,3.46,95,"Fictional aggregate school-year survey extract for teaching. Index scores are school-level aggregates; mental_health_referral_rate is service contacts per 100 students, not diagnoses."
S008,North Creek Middle,2021,68.3,64.4,3.35,94,"Fictional aggregate school-year survey extract for teaching. Index scores are school-level aggregates; mental_health_referral_rate is service contacts per 100 students, not diagnoses."
S008,North Creek Middle,2022,71.8,65.9,3.49,97,"Fictional aggregate school-year survey extract for teaching. Index scores are school-level aggregates; mental_health_referral_rate is service contacts per 100 students, not diagnoses."
S008,North Creek Middle,2023,74.6,68.9,3.45,97,"Fictional aggregate school-year survey extract for teaching. Index scores are school-level aggregates; mental_health_referral_rate is service contacts per 100 students, not diagnoses."
S008,North Creek Middle,2024,74.9,68.3,3.4,98,"Fictional aggregate school-year survey extract for teaching. Index scores are school-level aggregates; mental_health_referral_rate is service contacts per 100 students, not diagnoses."
S009,Rosa Parks Elementary,2019,70.5,66.3,3.6,63,"Fictional aggregate school-year survey extract for teaching. Index scores are school-level aggregates; mental_health_referral_rate is service contacts per 100 students, not diagnoses."
S009,Rosa Parks Elementary,2020,70.0,65.6,3.52,60,"Fictional aggregate school-year survey extract for teaching. Index scores are school-level aggregates; mental_health_referral_rate is service contacts per 100 students, not diagnoses."
S009,Rosa Parks Elementary,2021,69.9,65.2,3.55,60,"Fictional aggregate school-year survey extract for teaching. Index scores are school-level aggregates; mental_health_referral_rate is service contacts per 100 students, not diagnoses."
S009,Rosa Parks Elementary,2022,73.2,67.0,3.85,63,"Fictional aggregate school-year survey extract for teaching. Index scores are school-level aggregates; mental_health_referral_rate is service contacts per 100 students, not diagnoses."
S009,Rosa Parks Elementary,2023,76.2,70.8,3.56,64,"Fictional aggregate school-year survey extract for teaching. Index scores are school-level aggregates; mental_health_referral_rate is service contacts per 100 students, not diagnoses."
S009,Rosa Parks Elementary,2024,78.3,72.5,3.67,64,"Fictional aggregate school-year survey extract for teaching. Index scores are school-level aggregates; mental_health_referral_rate is service contacts per 100 students, not diagnoses."
S010,Orchard Hill School,2019,71.7,68.4,3.87,69,"Fictional aggregate school-year survey extract for teaching. Index scores are school-level aggregates; mental_health_referral_rate is service contacts per 100 students, not diagnoses."
S010,Orchard Hill School,2020,71.0,67.2,3.87,67,"Fictional aggregate school-year survey extract for teaching. Index scores are school-level aggregates; mental_health_referral_rate is service contacts per 100 students, not diagnoses."
S010,Orchard Hill School,2021,71.7,67.5,3.99,66,"Fictional aggregate school-year survey extract for teaching. Index scores are school-level aggregates; mental_health_referral_rate is service contacts per 100 students, not diagnoses."
S010,Orchard Hill School,2022,73.8,68.5,4.22,70,"Fictional aggregate school-year survey extract for teaching. Index scores are school-level aggregates; mental_health_referral_rate is service contacts per 100 students, not diagnoses."
S010,Orchard Hill School,2023,76.3,70.9,3.91,71,"Fictional aggregate school-year survey extract for teaching. Index scores are school-level aggregates; mental_health_referral_rate is service contacts per 100 students, not diagnoses."
S010,Orchard Hill School,2024,80.0,74.0,3.8,71,"Fictional aggregate school-year survey extract for teaching. Index scores are school-level aggregates; mental_health_referral_rate is service contacts per 100 students, not diagnoses."
S011,Prairie View High,2019,62.4,57.5,4.09,82,"Fictional aggregate school-year survey extract for teaching. Index scores are school-level aggregates; mental_health_referral_rate is service contacts per 100 students, not diagnoses."
S011,Prairie View High,2020,61.2,56.7,4.23,80,"Fictional aggregate school-year survey extract for teaching. Index scores are school-level aggregates; mental_health_referral_rate is service contacts per 100 students, not diagnoses."
S011,Prairie View High,2021,63.3,58.3,4.05,80,"Fictional aggregate school-year survey extract for teaching. Index scores are school-level aggregates; mental_health_referral_rate is service contacts per 100 students, not diagnoses."
S011,Prairie View High,2022,65.0,60.1,4.34,83,"Fictional aggregate school-year survey extract for teaching. Index scores are school-level aggregates; mental_health_referral_rate is service contacts per 100 students, not diagnoses."
S011,Prairie View High,2023,68.2,64.2,4.05,84,"Fictional aggregate school-year survey extract for teaching. Index scores are school-level aggregates; mental_health_referral_rate is service contacts per 100 students, not diagnoses."
S011,Prairie View High,2024,71.3,66.6,3.91,85,"Fictional aggregate school-year survey extract for teaching. Index scores are school-level aggregates; mental_health_referral_rate is service contacts per 100 students, not diagnoses."
S012,Lakefront Elementary,2019,70.7,67.7,3.26,44,"Fictional aggregate school-year survey extract for teaching. Index scores are school-level aggregates; mental_health_referral_rate is service contacts per 100 students, not diagnoses."
S012,Lakefront Elementary,2020,70.9,68.7,3.22,43,"Fictional aggregate school-year survey extract for teaching. Index scores are school-level aggregates; mental_health_referral_rate is service contacts per 100 students, not diagnoses."
S012,Lakefront Elementary,2021,74.4,68.4,3.27,42,"Fictional aggregate school-year survey extract for teaching. Index scores are school-level aggregates; mental_health_referral_rate is service contacts per 100 students, not diagnoses."
S012,Lakefront Elementary,2022,74.5,70.8,3.3,44,"Fictional aggregate school-year survey extract for teaching. Index scores are school-level aggregates; mental_health_referral_rate is service contacts per 100 students, not diagnoses."
S012,Lakefront Elementary,2023,75.5,69.8,3.38,45,"Fictional aggregate school-year survey extract for teaching. Index scores are school-level aggregates; mental_health_referral_rate is service contacts per 100 students, not diagnoses."
S012,Lakefront Elementary,2024,75.6,72.6,3.44,46,"Fictional aggregate school-year survey extract for teaching. Index scores are school-level aggregates; mental_health_referral_rate is service contacts per 100 students, not diagnoses."
S013,Mission Trails Middle,2019,67.3,62.0,4.07,89,"Fictional aggregate school-year survey extract for teaching. Index scores are school-level aggregates; mental_health_referral_rate is service contacts per 100 students, not diagnoses."
S013,Mission Trails Middle,2020,67.1,63.9,3.79,88,"Fictional aggregate school-year survey extract for teaching. Index scores are school-level aggregates; mental_health_referral_rate is service contacts per 100 students, not diagnoses."
S013,Mission Trails Middle,2021,68.2,64.3,3.91,86,"Fictional aggregate school-year survey extract for teaching. Index scores are school-level aggregates; mental_health_referral_rate is service contacts per 100 students, not diagnoses."
S013,Mission Trails Middle,2022,69.9,65.4,4.1,90,"Fictional aggregate school-year survey extract for teaching. Index scores are school-level aggregates; mental_health_referral_rate is service contacts per 100 students, not diagnoses."
S013,Mission Trails Middle,2023,75.0,69.2,3.84,90,"Fictional aggregate school-year survey extract for teaching. Index scores are school-level aggregates; mental_health_referral_rate is service contacts per 100 students, not diagnoses."
S013,Mission Trails Middle,2024,76.3,72.1,3.89,91,"Fictional aggregate school-year survey extract for teaching. Index scores are school-level aggregates; mental_health_referral_rate is service contacts per 100 students, not diagnoses."
S014,Eastside Community School,2019,67.9,65.8,3.35,111,"Fictional aggregate school-year survey extract for teaching. Index scores are school-level aggregates; mental_health_referral_rate is service contacts per 100 students, not diagnoses."
S014,Eastside Community School,2020,68.3,65.0,3.5,109,"Fictional aggregate school-year survey extract for teaching. Index scores are school-level aggregates; mental_health_referral_rate is service contacts per 100 students, not diagnoses."
S014,Eastside Community School,2021,70.3,65.3,3.55,108,"Fictional aggregate school-year survey extract for teaching. Index scores are school-level aggregates; mental_health_referral_rate is service contacts per 100 students, not diagnoses."
S014,Eastside Community School,2022,70.8,65.9,3.55,112,"Fictional aggregate school-year survey extract for teaching. Index scores are school-level aggregates; mental_health_referral_rate is service contacts per 100 students, not diagnoses."
S014,Eastside Community School,2023,72.4,68.6,3.48,113,"Fictional aggregate school-year survey extract for teaching. Index scores are school-level aggregates; mental_health_referral_rate is service contacts per 100 students, not diagnoses."
S014,Eastside Community School,2024,75.4,70.4,3.54,114,"Fictional aggregate school-year survey extract for teaching. Index scores are school-level aggregates; mental_health_referral_rate is service contacts per 100 students, not diagnoses."
S015,Willow Bend Elementary,2019,77.6,70.1,3.46,55,"Fictional aggregate school-year survey extract for teaching. Index scores are school-level aggregates; mental_health_referral_rate is service contacts per 100 students, not diagnoses."
S015,Willow Bend Elementary,2020,76.8,70.4,3.4,53,"Fictional aggregate school-year survey extract for teaching. Index scores are school-level aggregates; mental_health_referral_rate is service contacts per 100 students, not diagnoses."
S015,Willow Bend Elementary,2021,78.1,72.4,3.39,52,"Fictional aggregate school-year survey extract for teaching. Index scores are school-level aggregates; mental_health_referral_rate is service contacts per 100 students, not diagnoses."
S015,Willow Bend Elementary,2022,78.2,71.8,3.55,56,"Fictional aggregate school-year survey extract for teaching. Index scores are school-level aggregates; mental_health_referral_rate is service contacts per 100 students, not diagnoses."
S015,Willow Bend Elementary,2023,81.1,73.9,3.41,57,"Fictional aggregate school-year survey extract for teaching. Index scores are school-level aggregates; mental_health_referral_rate is service contacts per 100 students, not diagnoses."
S015,Willow Bend Elementary,2024,84.2,76.1,3.48,58,"Fictional aggregate school-year survey extract for teaching. Index scores are school-level aggregates; mental_health_referral_rate is service contacts per 100 students, not diagnoses."
S016,Granite Peak High,2019,64.5,60.0,4.24,122,"Fictional aggregate school-year survey extract for teaching. Index scores are school-level aggregates; mental_health_referral_rate is service contacts per 100 students, not diagnoses."
S016,Granite Peak High,2020,63.6,58.4,4.44,121,"Fictional aggregate school-year survey extract for teaching. Index scores are school-level aggregates; mental_health_referral_rate is service contacts per 100 students, not diagnoses."
S016,Granite Peak High,2021,66.2,61.3,4.26,120,"Fictional aggregate school-year survey extract for teaching. Index scores are school-level aggregates; mental_health_referral_rate is service contacts per 100 students, not diagnoses."
S016,Granite Peak High,2022,67.2,62.1,4.45,123,"Fictional aggregate school-year survey extract for teaching. Index scores are school-level aggregates; mental_health_referral_rate is service contacts per 100 students, not diagnoses."
S016,Granite Peak High,2023,71.7,66.1,4.39,123,"Fictional aggregate school-year survey extract for teaching. Index scores are school-level aggregates; mental_health_referral_rate is service contacts per 100 students, not diagnoses."
S016,Granite Peak High,2024,74.9,67.7,4.23,124,"Fictional aggregate school-year survey extract for teaching. Index scores are school-level aggregates; mental_health_referral_rate is service contacts per 100 students, not diagnoses."
S017,Bay Meadow Middle,2019,68.0,63.4,3.56,99,"Fictional aggregate school-year survey extract for teaching. Index scores are school-level aggregates; mental_health_referral_rate is service contacts per 100 students, not diagnoses."
S017,Bay Meadow Middle,2020,68.5,63.8,3.57,98,"Fictional aggregate school-year survey extract for teaching. Index scores are school-level aggregates; mental_health_referral_rate is service contacts per 100 students, not diagnoses."
S017,Bay Meadow Middle,2021,69.6,62.5,3.78,97,"Fictional aggregate school-year survey extract for teaching. Index scores are school-level aggregates; mental_health_referral_rate is service contacts per 100 students, not diagnoses."
S017,Bay Meadow Middle,2022,69.1,64.0,3.9,100,"Fictional aggregate school-year survey extract for teaching. Index scores are school-level aggregates; mental_health_referral_rate is service contacts per 100 students, not diagnoses."
S017,Bay Meadow Middle,2023,72.0,66.7,3.78,100,"Fictional aggregate school-year survey extract for teaching. Index scores are school-level aggregates; mental_health_referral_rate is service contacts per 100 students, not diagnoses."
S017,Bay Meadow Middle,2024,76.0,69.0,3.76,101,"Fictional aggregate school-year survey extract for teaching. Index scores are school-level aggregates; mental_health_referral_rate is service contacts per 100 students, not diagnoses."
S018,Chavez Arts Academy,2019,70.6,65.0,3.66,85,"Fictional aggregate school-year survey extract for teaching. Index scores are school-level aggregates; mental_health_referral_rate is service contacts per 100 students, not diagnoses."
S018,Chavez Arts Academy,2020,70.3,64.3,3.81,84,"Fictional aggregate school-year survey extract for teaching. Index scores are school-level aggregates; mental_health_referral_rate is service contacts per 100 students, not diagnoses."
S018,Chavez Arts Academy,2021,70.2,65.4,3.69,82,"Fictional aggregate school-year survey extract for teaching. Index scores are school-level aggregates; mental_health_referral_rate is service contacts per 100 students, not diagnoses."
S018,Chavez Arts Academy,2022,71.6,66.2,3.84,86,"Fictional aggregate school-year survey extract for teaching. Index scores are school-level aggregates; mental_health_referral_rate is service contacts per 100 students, not diagnoses."
S018,Chavez Arts Academy,2023,72.7,66.0,3.79,87,"Fictional aggregate school-year survey extract for teaching. Index scores are school-level aggregates; mental_health_referral_rate is service contacts per 100 students, not diagnoses."
S018,Chavez Arts Academy,2024,76.1,69.2,3.78,88,"Fictional aggregate school-year survey extract for teaching. Index scores are school-level aggregates; mental_health_referral_rate is service contacts per 100 students, not diagnoses."
S019,South Fork Elementary,2019,75.7,70.1,3.74,48,"Fictional aggregate school-year survey extract for teaching. Index scores are school-level aggregates; mental_health_referral_rate is service contacts per 100 students, not diagnoses."
S019,South Fork Elementary,2020,74.2,70.3,3.7,46,"Fictional aggregate school-year survey extract for teaching. Index scores are school-level aggregates; mental_health_referral_rate is service contacts per 100 students, not diagnoses."
S019,South Fork Elementary,2021,75.8,70.2,3.63,45,"Fictional aggregate school-year survey extract for teaching. Index scores are school-level aggregates; mental_health_referral_rate is service contacts per 100 students, not diagnoses."
S019,South Fork Elementary,2022,76.0,71.6,3.86,49,"Fictional aggregate school-year survey extract for teaching. Index scores are school-level aggregates; mental_health_referral_rate is service contacts per 100 students, not diagnoses."
S019,South Fork Elementary,2023,78.4,72.9,3.8,50,"Fictional aggregate school-year survey extract for teaching. Index scores are school-level aggregates; mental_health_referral_rate is service contacts per 100 students, not diagnoses."
S019,South Fork Elementary,2024,81.5,75.3,3.81,51,"Fictional aggregate school-year survey extract for teaching. Index scores are school-level aggregates; mental_health_referral_rate is service contacts per 100 students, not diagnoses."
S020,New Horizons High,2019,60.2,57.4,4.44,73,"Fictional aggregate school-year survey extract for teaching. Index scores are school-level aggregates; mental_health_referral_rate is service contacts per 100 students, not diagnoses."
S020,New Horizons High,2020,59.5,56.3,4.28,72,"Fictional aggregate school-year survey extract for teaching. Index scores are school-level aggregates; mental_health_referral_rate is service contacts per 100 students, not diagnoses."
S020,New Horizons High,2021,59.2,57.6,4.32,71,"Fictional aggregate school-year survey extract for teaching. Index scores are school-level aggregates; mental_health_referral_rate is service contacts per 100 students, not diagnoses."
S020,New Horizons High,2022,61.4,57.7,4.43,74,"Fictional aggregate school-year survey extract for teaching. Index scores are school-level aggregates; mental_health_referral_rate is service contacts per 100 students, not diagnoses."
S020,New Horizons High,2023,64.4,60.6,4.36,75,"Fictional aggregate school-year survey extract for teaching. Index scores are school-level aggregates; mental_health_referral_rate is service contacts per 100 students, not diagnoses."
S020,New Horizons High,2024,67.6,63.1,4.32,74,"Fictional aggregate school-year survey extract for teaching. Index scores are school-level aggregates; mental_health_referral_rate is service contacts per 100 students, not diagnoses."
S021,Aspen Ridge Elementary,2019,70.7,68.6,3.77,56,"Fictional aggregate school-year survey extract for teaching. Index scores are school-level aggregates; mental_health_referral_rate is service contacts per 100 students, not diagnoses."
S021,Aspen Ridge Elementary,2020,74.0,70.4,3.71,54,"Fictional aggregate school-year survey extract for teaching. Index scores are school-level aggregates; mental_health_referral_rate is service contacts per 100 students, not diagnoses."
S021,Aspen Ridge Elementary,2021,77.0,72.7,3.64,53,"Fictional aggregate school-year survey extract for teaching. Index scores are school-level aggregates; mental_health_referral_rate is service contacts per 100 students, not diagnoses."
S021,Aspen Ridge Elementary,2022,78.8,73.9,3.69,57,"Fictional aggregate school-year survey extract for teaching. Index scores are school-level aggregates; mental_health_referral_rate is service contacts per 100 students, not diagnoses."
S021,Aspen Ridge Elementary,2023,79.9,74.6,3.66,57,"Fictional aggregate school-year survey extract for teaching. Index scores are school-level aggregates; mental_health_referral_rate is service contacts per 100 students, not diagnoses."
S021,Aspen Ridge Elementary,2024,81.0,74.8,3.67,58,"Fictional aggregate school-year survey extract for teaching. Index scores are school-level aggregates; mental_health_referral_rate is service contacts per 100 students, not diagnoses."
S022,Brookside Middle School,2019,62.4,60.1,4.06,99,"Fictional aggregate school-year survey extract for teaching. Index scores are school-level aggregates; mental_health_referral_rate is service contacts per 100 students, not diagnoses."
S022,Brookside Middle School,2020,64.0,60.7,4.21,97,"Fictional aggregate school-year survey extract for teaching. Index scores are school-level aggregates; mental_health_referral_rate is service contacts per 100 students, not diagnoses."
S022,Brookside Middle School,2021,66.6,63.2,4.11,96,"Fictional aggregate school-year survey extract for teaching. Index scores are school-level aggregates; mental_health_referral_rate is service contacts per 100 students, not diagnoses."
S022,Brookside Middle School,2022,69.4,66.4,4.14,99,"Fictional aggregate school-year survey extract for teaching. Index scores are school-level aggregates; mental_health_referral_rate is service contacts per 100 students, not diagnoses."
S022,Brookside Middle School,2023,70.8,67.9,4.12,100,"Fictional aggregate school-year survey extract for teaching. Index scores are school-level aggregates; mental_health_referral_rate is service contacts per 100 students, not diagnoses."
S022,Brookside Middle School,2024,72.5,66.8,4.11,101,"Fictional aggregate school-year survey extract for teaching. Index scores are school-level aggregates; mental_health_referral_rate is service contacts per 100 students, not diagnoses."
S023,Canyon View High,2019,65.9,61.4,3.59,120,"Fictional aggregate school-year survey extract for teaching. Index scores are school-level aggregates; mental_health_referral_rate is service contacts per 100 students, not diagnoses."
S023,Canyon View High,2020,66.3,61.6,3.71,119,"Fictional aggregate school-year survey extract for teaching. Index scores are school-level aggregates; mental_health_referral_rate is service contacts per 100 students, not diagnoses."
S023,Canyon View High,2021,67.0,61.1,3.6,117,"Fictional aggregate school-year survey extract for teaching. Index scores are school-level aggregates; mental_health_referral_rate is service contacts per 100 students, not diagnoses."
S023,Canyon View High,2022,69.6,64.3,3.69,121,"Fictional aggregate school-year survey extract for teaching. Index scores are school-level aggregates; mental_health_referral_rate is service contacts per 100 students, not diagnoses."
S023,Canyon View High,2023,72.6,67.4,3.6,122,"Fictional aggregate school-year survey extract for teaching. Index scores are school-level aggregates; mental_health_referral_rate is service contacts per 100 students, not diagnoses."
S023,Canyon View High,2024,75.8,67.9,3.7,123,"Fictional aggregate school-year survey extract for teaching. Index scores are school-level aggregates; mental_health_referral_rate is service contacts per 100 students, not diagnoses."
S024,Desert Springs K-8,2019,74.6,69.6,3.91,74,"Fictional aggregate school-year survey extract for teaching. Index scores are school-level aggregates; mental_health_referral_rate is service contacts per 100 students, not diagnoses."
S024,Desert Springs K-8,2020,73.9,68.8,3.8,72,"Fictional aggregate school-year survey extract for teaching. Index scores are school-level aggregates; mental_health_referral_rate is service contacts per 100 students, not diagnoses."
S024,Desert Springs K-8,2021,74.5,69.7,3.72,71,"Fictional aggregate school-year survey extract for teaching. Index scores are school-level aggregates; mental_health_referral_rate is service contacts per 100 students, not diagnoses."
S024,Desert Springs K-8,2022,76.9,69.2,3.96,74,"Fictional aggregate school-year survey extract for teaching. Index scores are school-level aggregates; mental_health_referral_rate is service contacts per 100 students, not diagnoses."
S024,Desert Springs K-8,2023,79.5,71.4,3.87,75,"Fictional aggregate school-year survey extract for teaching. Index scores are school-level aggregates; mental_health_referral_rate is service contacts per 100 students, not diagnoses."
S024,Desert Springs K-8,2024,82.8,74.3,3.77,76,"Fictional aggregate school-year survey extract for teaching. Index scores are school-level aggregates; mental_health_referral_rate is service contacts per 100 students, not diagnoses."
S025,Oak Terrace Elementary,2019,72.0,68.5,3.4,64,"Fictional aggregate school-year survey extract for teaching. Index scores are school-level aggregates; mental_health_referral_rate is service contacts per 100 students, not diagnoses."
S025,Oak Terrace Elementary,2020,73.4,68.2,3.42,62,"Fictional aggregate school-year survey extract for teaching. Index scores are school-level aggregates; mental_health_referral_rate is service contacts per 100 students, not diagnoses."
S025,Oak Terrace Elementary,2021,72.8,67.9,3.35,61,"Fictional aggregate school-year survey extract for teaching. Index scores are school-level aggregates; mental_health_referral_rate is service contacts per 100 students, not diagnoses."
S025,Oak Terrace Elementary,2022,72.8,67.8,3.5,65,"Fictional aggregate school-year survey extract for teaching. Index scores are school-level aggregates; mental_health_referral_rate is service contacts per 100 students, not diagnoses."
S025,Oak Terrace Elementary,2023,73.6,70.2,3.4,66,"Fictional aggregate school-year survey extract for teaching. Index scores are school-level aggregates; mental_health_referral_rate is service contacts per 100 students, not diagnoses."
S025,Oak Terrace Elementary,2024,74.6,70.6,3.52,66,"Fictional aggregate school-year survey extract for teaching. Index scores are school-level aggregates; mental_health_referral_rate is service contacts per 100 students, not diagnoses."
S026,Silver Lake Middle,2019,68.0,63.6,3.77,91,"Fictional aggregate school-year survey extract for teaching. Index scores are school-level aggregates; mental_health_referral_rate is service contacts per 100 students, not diagnoses."
S026,Silver Lake Middle,2020,67.3,63.5,3.71,90,"Fictional aggregate school-year survey extract for teaching. Index scores are school-level aggregates; mental_health_referral_rate is service contacts per 100 students, not diagnoses."
S026,Silver Lake Middle,2021,68.5,64.4,3.53,89,"Fictional aggregate school-year survey extract for teaching. Index scores are school-level aggregates; mental_health_referral_rate is service contacts per 100 students, not diagnoses."
S026,Silver Lake Middle,2022,70.7,66.6,3.78,93,"Fictional aggregate school-year survey extract for teaching. Index scores are school-level aggregates; mental_health_referral_rate is service contacts per 100 students, not diagnoses."
S026,Silver Lake Middle,2023,74.0,68.3,3.63,93,"Fictional aggregate school-year survey extract for teaching. Index scores are school-level aggregates; mental_health_referral_rate is service contacts per 100 students, not diagnoses."
S026,Silver Lake Middle,2024,77.9,72.0,3.44,94,"Fictional aggregate school-year survey extract for teaching. Index scores are school-level aggregates; mental_health_referral_rate is service contacts per 100 students, not diagnoses."
S027,Washington Prep High,2019,61.8,57.7,4.49,134,"Fictional aggregate school-year survey extract for teaching. Index scores are school-level aggregates; mental_health_referral_rate is service contacts per 100 students, not diagnoses."
S027,Washington Prep High,2020,63.4,59.3,4.43,133,"Fictional aggregate school-year survey extract for teaching. Index scores are school-level aggregates; mental_health_referral_rate is service contacts per 100 students, not diagnoses."
S027,Washington Prep High,2021,65.9,62.4,4.26,132,"Fictional aggregate school-year survey extract for teaching. Index scores are school-level aggregates; mental_health_referral_rate is service contacts per 100 students, not diagnoses."
S027,Washington Prep High,2022,69.3,62.9,4.39,135,"Fictional aggregate school-year survey extract for teaching. Index scores are school-level aggregates; mental_health_referral_rate is service contacts per 100 students, not diagnoses."
S027,Washington Prep High,2023,69.9,62.7,4.32,136,"Fictional aggregate school-year survey extract for teaching. Index scores are school-level aggregates; mental_health_referral_rate is service contacts per 100 students, not diagnoses."
S027,Washington Prep High,2024,70.7,63.9,4.35,137,"Fictional aggregate school-year survey extract for teaching. Index scores are school-level aggregates; mental_health_referral_rate is service contacts per 100 students, not diagnoses."
S028,Franklin Elementary,2019,74.3,69.7,3.21,76,"Fictional aggregate school-year survey extract for teaching. Index scores are school-level aggregates; mental_health_referral_rate is service contacts per 100 students, not diagnoses."
S028,Franklin Elementary,2020,75.2,70.6,3.31,75,"Fictional aggregate school-year survey extract for teaching. Index scores are school-level aggregates; mental_health_referral_rate is service contacts per 100 students, not diagnoses."
S028,Franklin Elementary,2021,79.1,73.8,3.08,73,"Fictional aggregate school-year survey extract for teaching. Index scores are school-level aggregates; mental_health_referral_rate is service contacts per 100 students, not diagnoses."
S028,Franklin Elementary,2022,82.2,74.9,3.25,76,"Fictional aggregate school-year survey extract for teaching. Index scores are school-level aggregates; mental_health_referral_rate is service contacts per 100 students, not diagnoses."
S028,Franklin Elementary,2023,83.2,76.5,3.14,77,"Fictional aggregate school-year survey extract for teaching. Index scores are school-level aggregates; mental_health_referral_rate is service contacts per 100 students, not diagnoses."
S028,Franklin Elementary,2024,83.9,77.4,3.22,77,"Fictional aggregate school-year survey extract for teaching. Index scores are school-level aggregates; mental_health_referral_rate is service contacts per 100 students, not diagnoses."
S029,Mountain View K-8,2019,66.1,63.2,4.09,73,"Fictional aggregate school-year survey extract for teaching. Index scores are school-level aggregates; mental_health_referral_rate is service contacts per 100 students, not diagnoses."
S029,Mountain View K-8,2020,66.2,63.7,4.08,71,"Fictional aggregate school-year survey extract for teaching. Index scores are school-level aggregates; mental_health_referral_rate is service contacts per 100 students, not diagnoses."
S029,Mountain View K-8,2021,66.9,65.3,3.99,70,"Fictional aggregate school-year survey extract for teaching. Index scores are school-level aggregates; mental_health_referral_rate is service contacts per 100 students, not diagnoses."
S029,Mountain View K-8,2022,70.9,67.2,4.2,73,"Fictional aggregate school-year survey extract for teaching. Index scores are school-level aggregates; mental_health_referral_rate is service contacts per 100 students, not diagnoses."
S029,Mountain View K-8,2023,73.7,69.3,4.1,74,"Fictional aggregate school-year survey extract for teaching. Index scores are school-level aggregates; mental_health_referral_rate is service contacts per 100 students, not diagnoses."
S029,Mountain View K-8,2024,74.8,70.7,3.94,75,"Fictional aggregate school-year survey extract for teaching. Index scores are school-level aggregates; mental_health_referral_rate is service contacts per 100 students, not diagnoses."
S030,Pioneer High School,2019,66.3,59.2,4.12,115,"Fictional aggregate school-year survey extract for teaching. Index scores are school-level aggregates; mental_health_referral_rate is service contacts per 100 students, not diagnoses."
S030,Pioneer High School,2020,66.8,60.1,4.1,113,"Fictional aggregate school-year survey extract for teaching. Index scores are school-level aggregates; mental_health_referral_rate is service contacts per 100 students, not diagnoses."
S030,Pioneer High School,2021,67.7,60.9,4.1,112,"Fictional aggregate school-year survey extract for teaching. Index scores are school-level aggregates; mental_health_referral_rate is service contacts per 100 students, not diagnoses."
S030,Pioneer High School,2022,68.9,62.4,4.34,116,"Fictional aggregate school-year survey extract for teaching. Index scores are school-level aggregates; mental_health_referral_rate is service contacts per 100 students, not diagnoses."
S030,Pioneer High School,2023,70.0,62.5,4.21,117,"Fictional aggregate school-year survey extract for teaching. Index scores are school-level aggregates; mental_health_referral_rate is service contacts per 100 students, not diagnoses."
S030,Pioneer High School,2024,72.2,64.8,4.16,117,"Fictional aggregate school-year survey extract for teaching. Index scores are school-level aggregates; mental_health_referral_rate is service contacts per 100 students, not diagnoses."
S031,Meadowbrook Elementary,2019,70.5,66.0,3.71,69,"Fictional aggregate school-year survey extract for teaching. Index scores are school-level aggregates; mental_health_referral_rate is service contacts per 100 students, not diagnoses."
S031,Meadowbrook Elementary,2020,70.8,65.7,3.68,68,"Fictional aggregate school-year survey extract for teaching. Index scores are school-level aggregates; mental_health_referral_rate is service contacts per 100 students, not diagnoses."
S031,Meadowbrook Elementary,2021,72.3,67.3,3.66,67,"Fictional aggregate school-year survey extract for teaching. Index scores are school-level aggregates; mental_health_referral_rate is service contacts per 100 students, not diagnoses."
S031,Meadowbrook Elementary,2022,72.4,67.9,3.65,70,"Fictional aggregate school-year survey extract for teaching. Index scores are school-level aggregates; mental_health_referral_rate is service contacts per 100 students, not diagnoses."
S031,Meadowbrook Elementary,2023,74.4,69.2,3.75,71,"Fictional aggregate school-year survey extract for teaching. Index scores are school-level aggregates; mental_health_referral_rate is service contacts per 100 students, not diagnoses."
S031,Meadowbrook Elementary,2024,74.6,70.5,3.71,72,"Fictional aggregate school-year survey extract for teaching. Index scores are school-level aggregates; mental_health_referral_rate is service contacts per 100 students, not diagnoses."
S032,Riverside Arts Middle,2019,68.1,64.2,4.1,105,"Fictional aggregate school-year survey extract for teaching. Index scores are school-level aggregates; mental_health_referral_rate is service contacts per 100 students, not diagnoses."
S032,Riverside Arts Middle,2020,69.4,66.6,3.97,104,"Fictional aggregate school-year survey extract for teaching. Index scores are school-level aggregates; mental_health_referral_rate is service contacts per 100 students, not diagnoses."
S032,Riverside Arts Middle,2021,73.6,67.8,3.8,103,"Fictional aggregate school-year survey extract for teaching. Index scores are school-level aggregates; mental_health_referral_rate is service contacts per 100 students, not diagnoses."
S032,Riverside Arts Middle,2022,73.9,69.5,4.06,105,"Fictional aggregate school-year survey extract for teaching. Index scores are school-level aggregates; mental_health_referral_rate is service contacts per 100 students, not diagnoses."
S032,Riverside Arts Middle,2023,77.6,70.6,3.98,106,"Fictional aggregate school-year survey extract for teaching. Index scores are school-level aggregates; mental_health_referral_rate is service contacts per 100 students, not diagnoses."
S032,Riverside Arts Middle,2024,77.0,72.1,4.07,107,"Fictional aggregate school-year survey extract for teaching. Index scores are school-level aggregates; mental_health_referral_rate is service contacts per 100 students, not diagnoses."
S033,Sequoia High,2019,60.9,58.2,4.1,118,"Fictional aggregate school-year survey extract for teaching. Index scores are school-level aggregates; mental_health_referral_rate is service contacts per 100 students, not diagnoses."
S033,Sequoia High,2020,61.3,58.7,4.14,117,"Fictional aggregate school-year survey extract for teaching. Index scores are school-level aggregates; mental_health_referral_rate is service contacts per 100 students, not diagnoses."
S033,Sequoia High,2021,62.7,57.8,4.11,115,"Fictional aggregate school-year survey extract for teaching. Index scores are school-level aggregates; mental_health_referral_rate is service contacts per 100 students, not diagnoses."
S033,Sequoia High,2022,63.7,58.1,4.3,118,"Fictional aggregate school-year survey extract for teaching. Index scores are school-level aggregates; mental_health_referral_rate is service contacts per 100 students, not diagnoses."
S033,Sequoia High,2023,63.4,59.8,4.15,119,"Fictional aggregate school-year survey extract for teaching. Index scores are school-level aggregates; mental_health_referral_rate is service contacts per 100 students, not diagnoses."
S033,Sequoia High,2024,64.3,59.9,4.26,120,"Fictional aggregate school-year survey extract for teaching. Index scores are school-level aggregates; mental_health_referral_rate is service contacts per 100 students, not diagnoses."
S034,Pinecrest Elementary,2019,74.8,68.2,3.31,44,"Fictional aggregate school-year survey extract for teaching. Index scores are school-level aggregates; mental_health_referral_rate is service contacts per 100 students, not diagnoses."
S034,Pinecrest Elementary,2020,74.7,68.3,3.37,42,"Fictional aggregate school-year survey extract for teaching. Index scores are school-level aggregates; mental_health_referral_rate is service contacts per 100 students, not diagnoses."
S034,Pinecrest Elementary,2021,78.0,71.4,3.21,41,"Fictional aggregate school-year survey extract for teaching. Index scores are school-level aggregates; mental_health_referral_rate is service contacts per 100 students, not diagnoses."
S034,Pinecrest Elementary,2022,81.7,73.8,3.28,44,"Fictional aggregate school-year survey extract for teaching. Index scores are school-level aggregates; mental_health_referral_rate is service contacts per 100 students, not diagnoses."
S034,Pinecrest Elementary,2023,81.8,75.6,3.18,45,"Fictional aggregate school-year survey extract for teaching. Index scores are school-level aggregates; mental_health_referral_rate is service contacts per 100 students, not diagnoses."
S034,Pinecrest Elementary,2024,83.7,75.6,3.16,46,"Fictional aggregate school-year survey extract for teaching. Index scores are school-level aggregates; mental_health_referral_rate is service contacts per 100 students, not diagnoses."
S035,Adams Community School,2019,69.0,66.2,3.72,98,"Fictional aggregate school-year survey extract for teaching. Index scores are school-level aggregates; mental_health_referral_rate is service contacts per 100 students, not diagnoses."
S035,Adams Community School,2020,70.0,64.2,3.98,97,"Fictional aggregate school-year survey extract for teaching. Index scores are school-level aggregates; mental_health_referral_rate is service contacts per 100 students, not diagnoses."
S035,Adams Community School,2021,69.6,65.6,3.89,96,"Fictional aggregate school-year survey extract for teaching. Index scores are school-level aggregates; mental_health_referral_rate is service contacts per 100 students, not diagnoses."
S035,Adams Community School,2022,71.8,67.4,3.89,100,"Fictional aggregate school-year survey extract for teaching. Index scores are school-level aggregates; mental_health_referral_rate is service contacts per 100 students, not diagnoses."
S035,Adams Community School,2023,72.5,67.3,4.08,101,"Fictional aggregate school-year survey extract for teaching. Index scores are school-level aggregates; mental_health_referral_rate is service contacts per 100 students, not diagnoses."
S035,Adams Community School,2024,75.8,69.3,3.79,101,"Fictional aggregate school-year survey extract for teaching. Index scores are school-level aggregates; mental_health_referral_rate is service contacts per 100 students, not diagnoses."
S036,Jefferson STEM High,2019,65.1,58.9,3.95,141,"Fictional aggregate school-year survey extract for teaching. Index scores are school-level aggregates; mental_health_referral_rate is service contacts per 100 students, not diagnoses."
S036,Jefferson STEM High,2020,65.2,58.9,3.99,140,"Fictional aggregate school-year survey extract for teaching. Index scores are school-level aggregates; mental_health_referral_rate is service contacts per 100 students, not diagnoses."
S036,Jefferson STEM High,2021,66.5,59.3,4.08,139,"Fictional aggregate school-year survey extract for teaching. Index scores are school-level aggregates; mental_health_referral_rate is service contacts per 100 students, not diagnoses."
S036,Jefferson STEM High,2022,67.7,60.8,4.3,142,"Fictional aggregate school-year survey extract for teaching. Index scores are school-level aggregates; mental_health_referral_rate is service contacts per 100 students, not diagnoses."
S036,Jefferson STEM High,2023,71.1,62.9,4.21,142,"Fictional aggregate school-year survey extract for teaching. Index scores are school-level aggregates; mental_health_referral_rate is service contacts per 100 students, not diagnoses."
S036,Jefferson STEM High,2024,73.7,66.7,3.94,143,"Fictional aggregate school-year survey extract for teaching. Index scores are school-level aggregates; mental_health_referral_rate is service contacts per 100 students, not diagnoses."
S037,Blue Harbor Elementary,2019,77.5,71.4,3.03,67,"Fictional aggregate school-year survey extract for teaching. Index scores are school-level aggregates; mental_health_referral_rate is service contacts per 100 students, not diagnoses."
S037,Blue Harbor Elementary,2020,77.6,71.4,3.22,66,"Fictional aggregate school-year survey extract for teaching. Index scores are school-level aggregates; mental_health_referral_rate is service contacts per 100 students, not diagnoses."
S037,Blue Harbor Elementary,2021,79.0,70.9,3.21,65,"Fictional aggregate school-year survey extract for teaching. Index scores are school-level aggregates; mental_health_referral_rate is service contacts per 100 students, not diagnoses."
S037,Blue Harbor Elementary,2022,79.6,73.2,3.22,68,"Fictional aggregate school-year survey extract for teaching. Index scores are school-level aggregates; mental_health_referral_rate is service contacts per 100 students, not diagnoses."
S037,Blue Harbor Elementary,2023,80.5,74.0,3.34,68,"Fictional aggregate school-year survey extract for teaching. Index scores are school-level aggregates; mental_health_referral_rate is service contacts per 100 students, not diagnoses."
S037,Blue Harbor Elementary,2024,82.0,74.5,3.14,69,"Fictional aggregate school-year survey extract for teaching. Index scores are school-level aggregates; mental_health_referral_rate is service contacts per 100 students, not diagnoses."
S038,Marina Middle School,2019,69.0,63.7,4.23,110,"Fictional aggregate school-year survey extract for teaching. Index scores are school-level aggregates; mental_health_referral_rate is service contacts per 100 students, not diagnoses."
S038,Marina Middle School,2020,68.7,64.6,4.21,109,"Fictional aggregate school-year survey extract for teaching. Index scores are school-level aggregates; mental_health_referral_rate is service contacts per 100 students, not diagnoses."
S038,Marina Middle School,2021,71.1,66.2,3.98,107,"Fictional aggregate school-year survey extract for teaching. Index scores are school-level aggregates; mental_health_referral_rate is service contacts per 100 students, not diagnoses."
S038,Marina Middle School,2022,72.8,66.9,4.33,111,"Fictional aggregate school-year survey extract for teaching. Index scores are school-level aggregates; mental_health_referral_rate is service contacts per 100 students, not diagnoses."
S038,Marina Middle School,2023,75.9,68.2,4.19,112,"Fictional aggregate school-year survey extract for teaching. Index scores are school-level aggregates; mental_health_referral_rate is service contacts per 100 students, not diagnoses."
S038,Marina Middle School,2024,77.4,70.3,4.19,113,"Fictional aggregate school-year survey extract for teaching. Index scores are school-level aggregates; mental_health_referral_rate is service contacts per 100 students, not diagnoses."
S039,Hilltop Elementary,2019,74.3,69.8,3.43,43,"Fictional aggregate school-year survey extract for teaching. Index scores are school-level aggregates; mental_health_referral_rate is service contacts per 100 students, not diagnoses."
S039,Hilltop Elementary,2020,76.3,71.4,3.46,41,"Fictional aggregate school-year survey extract for teaching. Index scores are school-level aggregates; mental_health_referral_rate is service contacts per 100 students, not diagnoses."
S039,Hilltop Elementary,2021,79.4,72.5,3.35,40,"Fictional aggregate school-year survey extract for teaching. Index scores are school-level aggregates; mental_health_referral_rate is service contacts per 100 students, not diagnoses."
S039,Hilltop Elementary,2022,80.5,74.3,3.42,44,"Fictional aggregate school-year survey extract for teaching. Index scores are school-level aggregates; mental_health_referral_rate is service contacts per 100 students, not diagnoses."
S039,Hilltop Elementary,2023,81.0,76.1,3.5,45,"Fictional aggregate school-year survey extract for teaching. Index scores are school-level aggregates; mental_health_referral_rate is service contacts per 100 students, not diagnoses."
S039,Hilltop Elementary,2024,82.7,77.2,3.45,46,"Fictional aggregate school-year survey extract for teaching. Index scores are school-level aggregates; mental_health_referral_rate is service contacts per 100 students, not diagnoses."
S040,Summit Ridge High,2019,61.2,58.4,4.42,112,"Fictional aggregate school-year survey extract for teaching. Index scores are school-level aggregates; mental_health_referral_rate is service contacts per 100 students, not diagnoses."
S040,Summit Ridge High,2020,62.1,56.2,4.42,111,"Fictional aggregate school-year survey extract for teaching. Index scores are school-level aggregates; mental_health_referral_rate is service contacts per 100 students, not diagnoses."
S040,Summit Ridge High,2021,61.8,56.6,4.51,110,"Fictional aggregate school-year survey extract for teaching. Index scores are school-level aggregates; mental_health_referral_rate is service contacts per 100 students, not diagnoses."
S040,Summit Ridge High,2022,62.6,59.0,4.62,113,"Fictional aggregate school-year survey extract for teaching. Index scores are school-level aggregates; mental_health_referral_rate is service contacts per 100 students, not diagnoses."
S040,Summit Ridge High,2023,63.1,57.3,4.59,114,"Fictional aggregate school-year survey extract for teaching. Index scores are school-level aggregates; mental_health_referral_rate is service contacts per 100 students, not diagnoses."
S040,Summit Ridge High,2024,63.9,58.5,4.68,114,"Fictional aggregate school-year survey extract for teaching. Index scores are school-level aggregates; mental_health_referral_rate is service contacts per 100 students, not diagnoses."
S041,Cottonwood K-8,2019,75.3,68.1,3.85,95,"Fictional aggregate school-year survey extract for teaching. Index scores are school-level aggregates; mental_health_referral_rate is service contacts per 100 students, not diagnoses."
S041,Cottonwood K-8,2020,74.3,67.9,3.72,93,"Fictional aggregate school-year survey extract for teaching. Index scores are school-level aggregates; mental_health_referral_rate is service contacts per 100 students, not diagnoses."
S041,Cottonwood K-8,2021,77.0,70.2,3.77,92,"Fictional aggregate school-year survey extract for teaching. Index scores are school-level aggregates; mental_health_referral_rate is service contacts per 100 students, not diagnoses."
S041,Cottonwood K-8,2022,78.8,73.1,3.86,96,"Fictional aggregate school-year survey extract for teaching. Index scores are school-level aggregates; mental_health_referral_rate is service contacts per 100 students, not diagnoses."
S041,Cottonwood K-8,2023,81.6,75.0,3.74,96,"Fictional aggregate school-year survey extract for teaching. Index scores are school-level aggregates; mental_health_referral_rate is service contacts per 100 students, not diagnoses."
S041,Cottonwood K-8,2024,84.1,76.8,3.77,96,"Fictional aggregate school-year survey extract for teaching. Index scores are school-level aggregates; mental_health_referral_rate is service contacts per 100 students, not diagnoses."
S042,Mesa Verde Middle,2019,65.6,62.2,3.77,94,"Fictional aggregate school-year survey extract for teaching. Index scores are school-level aggregates; mental_health_referral_rate is service contacts per 100 students, not diagnoses."
S042,Mesa Verde Middle,2020,65.0,63.9,3.76,93,"Fictional aggregate school-year survey extract for teaching. Index scores are school-level aggregates; mental_health_referral_rate is service contacts per 100 students, not diagnoses."
S042,Mesa Verde Middle,2021,67.4,64.9,3.54,92,"Fictional aggregate school-year survey extract for teaching. Index scores are school-level aggregates; mental_health_referral_rate is service contacts per 100 students, not diagnoses."
S042,Mesa Verde Middle,2022,69.3,67.7,3.81,95,"Fictional aggregate school-year survey extract for teaching. Index scores are school-level aggregates; mental_health_referral_rate is service contacts per 100 students, not diagnoses."
S042,Mesa Verde Middle,2023,73.1,69.5,3.68,96,"Fictional aggregate school-year survey extract for teaching. Index scores are school-level aggregates; mental_health_referral_rate is service contacts per 100 students, not diagnoses."
S042,Mesa Verde Middle,2024,75.7,70.7,3.75,97,"Fictional aggregate school-year survey extract for teaching. Index scores are school-level aggregates; mental_health_referral_rate is service contacts per 100 students, not diagnoses."
S043,Hamilton Elementary,2019,71.3,66.1,3.48,51,"Fictional aggregate school-year survey extract for teaching. Index scores are school-level aggregates; mental_health_referral_rate is service contacts per 100 students, not diagnoses."
S043,Hamilton Elementary,2020,71.1,66.9,3.37,50,"Fictional aggregate school-year survey extract for teaching. Index scores are school-level aggregates; mental_health_referral_rate is service contacts per 100 students, not diagnoses."
S043,Hamilton Elementary,2021,72.3,68.0,3.39,48,"Fictional aggregate school-year survey extract for teaching. Index scores are school-level aggregates; mental_health_referral_rate is service contacts per 100 students, not diagnoses."
S043,Hamilton Elementary,2022,72.0,67.4,3.7,52,"Fictional aggregate school-year survey extract for teaching. Index scores are school-level aggregates; mental_health_referral_rate is service contacts per 100 students, not diagnoses."
S043,Hamilton Elementary,2023,74.0,70.0,3.57,53,"Fictional aggregate school-year survey extract for teaching. Index scores are school-level aggregates; mental_health_referral_rate is service contacts per 100 students, not diagnoses."
S043,Hamilton Elementary,2024,73.2,68.9,3.59,54,"Fictional aggregate school-year survey extract for teaching. Index scores are school-level aggregates; mental_health_referral_rate is service contacts per 100 students, not diagnoses."
S044,Roosevelt High School,2019,61.9,58.1,4.2,122,"Fictional aggregate school-year survey extract for teaching. Index scores are school-level aggregates; mental_health_referral_rate is service contacts per 100 students, not diagnoses."
S044,Roosevelt High School,2020,63.5,59.4,4.05,120,"Fictional aggregate school-year survey extract for teaching. Index scores are school-level aggregates; mental_health_referral_rate is service contacts per 100 students, not diagnoses."
S044,Roosevelt High School,2021,66.6,61.0,4.03,119,"Fictional aggregate school-year survey extract for teaching. Index scores are school-level aggregates; mental_health_referral_rate is service contacts per 100 students, not diagnoses."
S044,Roosevelt High School,2022,66.8,62.9,4.18,122,"Fictional aggregate school-year survey extract for teaching. Index scores are school-level aggregates; mental_health_referral_rate is service contacts per 100 students, not diagnoses."
S044,Roosevelt High School,2023,69.0,64.6,4.16,123,"Fictional aggregate school-year survey extract for teaching. Index scores are school-level aggregates; mental_health_referral_rate is service contacts per 100 students, not diagnoses."
S044,Roosevelt High School,2024,71.3,63.8,4.26,123,"Fictional aggregate school-year survey extract for teaching. Index scores are school-level aggregates; mental_health_referral_rate is service contacts per 100 students, not diagnoses."
S045,Lakeshore Elementary,2019,73.4,68.2,3.41,59,"Fictional aggregate school-year survey extract for teaching. Index scores are school-level aggregates; mental_health_referral_rate is service contacts per 100 students, not diagnoses."
S045,Lakeshore Elementary,2020,72.1,67.6,3.49,58,"Fictional aggregate school-year survey extract for teaching. Index scores are school-level aggregates; mental_health_referral_rate is service contacts per 100 students, not diagnoses."
S045,Lakeshore Elementary,2021,73.9,67.8,3.51,57,"Fictional aggregate school-year survey extract for teaching. Index scores are school-level aggregates; mental_health_referral_rate is service contacts per 100 students, not diagnoses."
S045,Lakeshore Elementary,2022,74.4,69.1,3.55,60,"Fictional aggregate school-year survey extract for teaching. Index scores are school-level aggregates; mental_health_referral_rate is service contacts per 100 students, not diagnoses."
S045,Lakeshore Elementary,2023,75.1,69.1,3.67,61,"Fictional aggregate school-year survey extract for teaching. Index scores are school-level aggregates; mental_health_referral_rate is service contacts per 100 students, not diagnoses."
S045,Lakeshore Elementary,2024,76.3,69.1,3.68,61,"Fictional aggregate school-year survey extract for teaching. Index scores are school-level aggregates; mental_health_referral_rate is service contacts per 100 students, not diagnoses."
S046,North Shore Middle,2019,72.9,67.4,3.84,102,"Fictional aggregate school-year survey extract for teaching. Index scores are school-level aggregates; mental_health_referral_rate is service contacts per 100 students, not diagnoses."
S046,North Shore Middle,2020,73.4,68.2,3.97,101,"Fictional aggregate school-year survey extract for teaching. Index scores are school-level aggregates; mental_health_referral_rate is service contacts per 100 students, not diagnoses."
S046,North Shore Middle,2021,75.9,69.4,3.81,100,"Fictional aggregate school-year survey extract for teaching. Index scores are school-level aggregates; mental_health_referral_rate is service contacts per 100 students, not diagnoses."
S046,North Shore Middle,2022,79.6,72.9,3.92,104,"Fictional aggregate school-year survey extract for teaching. Index scores are school-level aggregates; mental_health_referral_rate is service contacts per 100 students, not diagnoses."
S046,North Shore Middle,2023,81.6,75.1,3.9,104,"Fictional aggregate school-year survey extract for teaching. Index scores are school-level aggregates; mental_health_referral_rate is service contacts per 100 students, not diagnoses."
S046,North Shore Middle,2024,82.1,75.3,3.85,105,"Fictional aggregate school-year survey extract for teaching. Index scores are school-level aggregates; mental_health_referral_rate is service contacts per 100 students, not diagnoses."
S047,Camino Real Academy,2019,69.8,66.1,4.03,93,"Fictional aggregate school-year survey extract for teaching. Index scores are school-level aggregates; mental_health_referral_rate is service contacts per 100 students, not diagnoses."
S047,Camino Real Academy,2020,68.5,64.1,4.1,92,"Fictional aggregate school-year survey extract for teaching. Index scores are school-level aggregates; mental_health_referral_rate is service contacts per 100 students, not diagnoses."
S047,Camino Real Academy,2021,71.2,66.1,3.94,91,"Fictional aggregate school-year survey extract for teaching. Index scores are school-level aggregates; mental_health_referral_rate is service contacts per 100 students, not diagnoses."
S047,Camino Real Academy,2022,71.4,65.8,4.08,94,"Fictional aggregate school-year survey extract for teaching. Index scores are school-level aggregates; mental_health_referral_rate is service contacts per 100 students, not diagnoses."
S047,Camino Real Academy,2023,72.9,68.0,4.08,95,"Fictional aggregate school-year survey extract for teaching. Index scores are school-level aggregates; mental_health_referral_rate is service contacts per 100 students, not diagnoses."
S047,Camino Real Academy,2024,72.8,66.8,4.17,96,"Fictional aggregate school-year survey extract for teaching. Index scores are school-level aggregates; mental_health_referral_rate is service contacts per 100 students, not diagnoses."
S048,Esperanza High School,2019,66.2,59.1,3.82,136,"Fictional aggregate school-year survey extract for teaching. Index scores are school-level aggregates; mental_health_referral_rate is service contacts per 100 students, not diagnoses."
S048,Esperanza High School,2020,65.6,60.9,3.64,135,"Fictional aggregate school-year survey extract for teaching. Index scores are school-level aggregates; mental_health_referral_rate is service contacts per 100 students, not diagnoses."
S048,Esperanza High School,2021,66.4,61.8,3.68,133,"Fictional aggregate school-year survey extract for teaching. Index scores are school-level aggregates; mental_health_referral_rate is service contacts per 100 students, not diagnoses."
S048,Esperanza High School,2022,69.4,61.6,3.94,136,"Fictional aggregate school-year survey extract for teaching. Index scores are school-level aggregates; mental_health_referral_rate is service contacts per 100 students, not diagnoses."
S048,Esperanza High School,2023,71.1,64.0,3.82,137,"Fictional aggregate school-year survey extract for teaching. Index scores are school-level aggregates; mental_health_referral_rate is service contacts per 100 students, not diagnoses."
S048,Esperanza High School,2024,73.7,67.0,3.76,138,"Fictional aggregate school-year survey extract for teaching. Index scores are school-level aggregates; mental_health_referral_rate is service contacts per 100 students, not diagnoses."
S049,Sycamore Elementary,2019,69.0,65.1,3.78,69,"Fictional aggregate school-year survey extract for teaching. Index scores are school-level aggregates; mental_health_referral_rate is service contacts per 100 students, not diagnoses."
S049,Sycamore Elementary,2020,68.5,65.7,3.62,67,"Fictional aggregate school-year survey extract for teaching. Index scores are school-level aggregates; mental_health_referral_rate is service contacts per 100 students, not diagnoses."
S049,Sycamore Elementary,2021,69.5,67.7,3.7,66,"Fictional aggregate school-year survey extract for teaching. Index scores are school-level aggregates; mental_health_referral_rate is service contacts per 100 students, not diagnoses."
S049,Sycamore Elementary,2022,70.1,66.3,3.98,69,"Fictional aggregate school-year survey extract for teaching. Index scores are school-level aggregates; mental_health_referral_rate is service contacts per 100 students, not diagnoses."
S049,Sycamore Elementary,2023,72.1,66.5,3.88,70,"Fictional aggregate school-year survey extract for teaching. Index scores are school-level aggregates; mental_health_referral_rate is service contacts per 100 students, not diagnoses."
S049,Sycamore Elementary,2024,73.3,69.0,3.79,71,"Fictional aggregate school-year survey extract for teaching. Index scores are school-level aggregates; mental_health_referral_rate is service contacts per 100 students, not diagnoses."
S050,Westfield Middle,2019,69.1,65.4,3.77,95,"Fictional aggregate school-year survey extract for teaching. Index scores are school-level aggregates; mental_health_referral_rate is service contacts per 100 students, not diagnoses."
S050,Westfield Middle,2020,69.8,66.4,3.69,94,"Fictional aggregate school-year survey extract for teaching. Index scores are school-level aggregates; mental_health_referral_rate is service contacts per 100 students, not diagnoses."
S050,Westfield Middle,2021,71.7,67.3,3.78,93,"Fictional aggregate school-year survey extract for teaching. Index scores are school-level aggregates; mental_health_referral_rate is service contacts per 100 students, not diagnoses."
S050,Westfield Middle,2022,73.8,69.5,3.86,96,"Fictional aggregate school-year survey extract for teaching. Index scores are school-level aggregates; mental_health_referral_rate is service contacts per 100 students, not diagnoses."
S050,Westfield Middle,2023,74.3,68.3,4.03,97,"Fictional aggregate school-year survey extract for teaching. Index scores are school-level aggregates; mental_health_referral_rate is service contacts per 100 students, not diagnoses."
S050,Westfield Middle,2024,73.8,69.9,3.73,97,"Fictional aggregate school-year survey extract for teaching. Index scores are school-level aggregates; mental_health_referral_rate is service contacts per 100 students, not diagnoses."
S051,Golden Gate Elementary,2019,69.6,66.6,3.55,73,"Fictional aggregate school-year survey extract for teaching. Index scores are school-level aggregates; mental_health_referral_rate is service contacts per 100 students, not diagnoses."
S051,Golden Gate Elementary,2020,72.7,69.1,3.43,72,"Fictional aggregate school-year survey extract for teaching. Index scores are school-level aggregates; mental_health_referral_rate is service contacts per 100 students, not diagnoses."
S051,Golden Gate Elementary,2021,75.0,71.5,3.23,71,"Fictional aggregate school-year survey extract for teaching. Index scores are school-level aggregates; mental_health_referral_rate is service contacts per 100 students, not diagnoses."
S051,Golden Gate Elementary,2022,76.9,72.8,3.31,75,"Fictional aggregate school-year survey extract for teaching. Index scores are school-level aggregates; mental_health_referral_rate is service contacts per 100 students, not diagnoses."
S051,Golden Gate Elementary,2023,78.7,74.3,3.27,75,"Fictional aggregate school-year survey extract for teaching. Index scores are school-level aggregates; mental_health_referral_rate is service contacts per 100 students, not diagnoses."
S051,Golden Gate Elementary,2024,78.5,75.8,3.32,76,"Fictional aggregate school-year survey extract for teaching. Index scores are school-level aggregates; mental_health_referral_rate is service contacts per 100 students, not diagnoses."
S052,Mission Bay High,2019,62.2,58.5,3.91,129,"Fictional aggregate school-year survey extract for teaching. Index scores are school-level aggregates; mental_health_referral_rate is service contacts per 100 students, not diagnoses."
S052,Mission Bay High,2020,63.4,58.2,3.93,128,"Fictional aggregate school-year survey extract for teaching. Index scores are school-level aggregates; mental_health_referral_rate is service contacts per 100 students, not diagnoses."
S052,Mission Bay High,2021,67.3,61.6,3.68,127,"Fictional aggregate school-year survey extract for teaching. Index scores are school-level aggregates; mental_health_referral_rate is service contacts per 100 students, not diagnoses."
S052,Mission Bay High,2022,69.7,64.6,3.79,129,"Fictional aggregate school-year survey extract for teaching. Index scores are school-level aggregates; mental_health_referral_rate is service contacts per 100 students, not diagnoses."
S052,Mission Bay High,2023,71.5,66.2,3.77,130,"Fictional aggregate school-year survey extract for teaching. Index scores are school-level aggregates; mental_health_referral_rate is service contacts per 100 students, not diagnoses."
S052,Mission Bay High,2024,71.8,66.0,3.81,130,"Fictional aggregate school-year survey extract for teaching. Index scores are school-level aggregates; mental_health_referral_rate is service contacts per 100 students, not diagnoses."
S053,Valley Oak K-8,2019,66.8,62.7,3.79,77,"Fictional aggregate school-year survey extract for teaching. Index scores are school-level aggregates; mental_health_referral_rate is service contacts per 100 students, not diagnoses."
S053,Valley Oak K-8,2020,65.2,62.2,3.94,75,"Fictional aggregate school-year survey extract for teaching. Index scores are school-level aggregates; mental_health_referral_rate is service contacts per 100 students, not diagnoses."
S053,Valley Oak K-8,2021,67.8,62.8,3.74,74,"Fictional aggregate school-year survey extract for teaching. Index scores are school-level aggregates; mental_health_referral_rate is service contacts per 100 students, not diagnoses."
S053,Valley Oak K-8,2022,69.9,66.1,3.89,77,"Fictional aggregate school-year survey extract for teaching. Index scores are school-level aggregates; mental_health_referral_rate is service contacts per 100 students, not diagnoses."
S053,Valley Oak K-8,2023,72.3,68.9,3.81,78,"Fictional aggregate school-year survey extract for teaching. Index scores are school-level aggregates; mental_health_referral_rate is service contacts per 100 students, not diagnoses."
S053,Valley Oak K-8,2024,75.8,70.7,3.72,79,"Fictional aggregate school-year survey extract for teaching. Index scores are school-level aggregates; mental_health_referral_rate is service contacts per 100 students, not diagnoses."
S054,Oak Meadow High,2019,60.6,56.8,3.97,120,"Fictional aggregate school-year survey extract for teaching. Index scores are school-level aggregates; mental_health_referral_rate is service contacts per 100 students, not diagnoses."
S054,Oak Meadow High,2020,61.6,56.7,3.94,118,"Fictional aggregate school-year survey extract for teaching. Index scores are school-level aggregates; mental_health_referral_rate is service contacts per 100 students, not diagnoses."
S054,Oak Meadow High,2021,63.6,59.9,3.79,117,"Fictional aggregate school-year survey extract for teaching. Index scores are school-level aggregates; mental_health_referral_rate is service contacts per 100 students, not diagnoses."
S054,Oak Meadow High,2022,65.9,60.1,4.02,120,"Fictional aggregate school-year survey extract for teaching. Index scores are school-level aggregates; mental_health_referral_rate is service contacts per 100 students, not diagnoses."
S054,Oak Meadow High,2023,67.8,61.3,3.9,121,"Fictional aggregate school-year survey extract for teaching. Index scores are school-level aggregates; mental_health_referral_rate is service contacts per 100 students, not diagnoses."
S054,Oak Meadow High,2024,69.7,63.3,3.91,122,"Fictional aggregate school-year survey extract for teaching. Index scores are school-level aggregates; mental_health_referral_rate is service contacts per 100 students, not diagnoses."
S055,Hawthorne Elementary,2019,72.3,68.1,3.38,57,"Fictional aggregate school-year survey extract for teaching. Index scores are school-level aggregates; mental_health_referral_rate is service contacts per 100 students, not diagnoses."
S055,Hawthorne Elementary,2020,71.7,68.5,3.18,56,"Fictional aggregate school-year survey extract for teaching. Index scores are school-level aggregates; mental_health_referral_rate is service contacts per 100 students, not diagnoses."
S055,Hawthorne Elementary,2021,72.7,67.4,3.23,55,"Fictional aggregate school-year survey extract for teaching. Index scores are school-level aggregates; mental_health_referral_rate is service contacts per 100 students, not diagnoses."
S055,Hawthorne Elementary,2022,71.9,68.6,3.38,58,"Fictional aggregate school-year survey extract for teaching. Index scores are school-level aggregates; mental_health_referral_rate is service contacts per 100 students, not diagnoses."
S055,Hawthorne Elementary,2023,72.6,68.2,3.56,60,"Fictional aggregate school-year survey extract for teaching. Index scores are school-level aggregates; mental_health_referral_rate is service contacts per 100 students, not diagnoses."
S055,Hawthorne Elementary,2024,73.6,69.4,3.42,60,"Fictional aggregate school-year survey extract for teaching. Index scores are school-level aggregates; mental_health_referral_rate is service contacts per 100 students, not diagnoses."
S056,East River Middle,2019,70.5,64.1,4.0,100,"Fictional aggregate school-year survey extract for teaching. Index scores are school-level aggregates; mental_health_referral_rate is service contacts per 100 students, not diagnoses."
S056,East River Middle,2020,71.7,65.6,3.83,99,"Fictional aggregate school-year survey extract for teaching. Index scores are school-level aggregates; mental_health_referral_rate is service contacts per 100 students, not diagnoses."
S056,East River Middle,2021,75.2,69.6,3.82,98,"Fictional aggregate school-year survey extract for teaching. Index scores are school-level aggregates; mental_health_referral_rate is service contacts per 100 students, not diagnoses."
S056,East River Middle,2022,76.6,69.3,4.06,101,"Fictional aggregate school-year survey extract for teaching. Index scores are school-level aggregates; mental_health_referral_rate is service contacts per 100 students, not diagnoses."
S056,East River Middle,2023,78.0,72.5,3.78,101,"Fictional aggregate school-year survey extract for teaching. Index scores are school-level aggregates; mental_health_referral_rate is service contacts per 100 students, not diagnoses."
S056,East River Middle,2024,79.9,71.6,3.84,101,"Fictional aggregate school-year survey extract for teaching. Index scores are school-level aggregates; mental_health_referral_rate is service contacts per 100 students, not diagnoses."
S057,Cabrillo Science Academy,2019,71.1,66.0,3.42,106,"Fictional aggregate school-year survey extract for teaching. Index scores are school-level aggregates; mental_health_referral_rate is service contacts per 100 students, not diagnoses."
S057,Cabrillo Science Academy,2020,74.1,68.9,3.49,105,"Fictional aggregate school-year survey extract for teaching. Index scores are school-level aggregates; mental_health_referral_rate is service contacts per 100 students, not diagnoses."
S057,Cabrillo Science Academy,2021,76.7,71.9,3.07,104,"Fictional aggregate school-year survey extract for teaching. Index scores are school-level aggregates; mental_health_referral_rate is service contacts per 100 students, not diagnoses."
S057,Cabrillo Science Academy,2022,79.4,73.7,3.36,107,"Fictional aggregate school-year survey extract for teaching. Index scores are school-level aggregates; mental_health_referral_rate is service contacts per 100 students, not diagnoses."
S057,Cabrillo Science Academy,2023,79.7,73.7,3.33,107,"Fictional aggregate school-year survey extract for teaching. Index scores are school-level aggregates; mental_health_referral_rate is service contacts per 100 students, not diagnoses."
S057,Cabrillo Science Academy,2024,80.7,74.8,3.27,108,"Fictional aggregate school-year survey extract for teaching. Index scores are school-level aggregates; mental_health_referral_rate is service contacts per 100 students, not diagnoses."
S058,Pacific View High,2019,60.3,56.2,3.82,134,"Fictional aggregate school-year survey extract for teaching. Index scores are school-level aggregates; mental_health_referral_rate is service contacts per 100 students, not diagnoses."
S058,Pacific View High,2020,62.1,56.6,4.0,133,"Fictional aggregate school-year survey extract for teaching. Index scores are school-level aggregates; mental_health_referral_rate is service contacts per 100 students, not diagnoses."
S058,Pacific View High,2021,63.7,60.0,3.84,131,"Fictional aggregate school-year survey extract for teaching. Index scores are school-level aggregates; mental_health_referral_rate is service contacts per 100 students, not diagnoses."
S058,Pacific View High,2022,66.4,61.5,4.02,134,"Fictional aggregate school-year survey extract for teaching. Index scores are school-level aggregates; mental_health_referral_rate is service contacts per 100 students, not diagnoses."
S058,Pacific View High,2023,69.2,63.3,3.83,135,"Fictional aggregate school-year survey extract for teaching. Index scores are school-level aggregates; mental_health_referral_rate is service contacts per 100 students, not diagnoses."
S058,Pacific View High,2024,70.6,65.1,3.74,136,"Fictional aggregate school-year survey extract for teaching. Index scores are school-level aggregates; mental_health_referral_rate is service contacts per 100 students, not diagnoses."
S059,Liberty Elementary,2019,74.8,71.2,3.43,54,"Fictional aggregate school-year survey extract for teaching. Index scores are school-level aggregates; mental_health_referral_rate is service contacts per 100 students, not diagnoses."
S059,Liberty Elementary,2020,74.3,69.0,3.62,52,"Fictional aggregate school-year survey extract for teaching. Index scores are school-level aggregates; mental_health_referral_rate is service contacts per 100 students, not diagnoses."
S059,Liberty Elementary,2021,76.8,71.1,3.42,51,"Fictional aggregate school-year survey extract for teaching. Index scores are school-level aggregates; mental_health_referral_rate is service contacts per 100 students, not diagnoses."
S059,Liberty Elementary,2022,77.7,73.1,3.46,54,"Fictional aggregate school-year survey extract for teaching. Index scores are school-level aggregates; mental_health_referral_rate is service contacts per 100 students, not diagnoses."
S059,Liberty Elementary,2023,81.8,76.3,3.53,56,"Fictional aggregate school-year survey extract for teaching. Index scores are school-level aggregates; mental_health_referral_rate is service contacts per 100 students, not diagnoses."
S059,Liberty Elementary,2024,84.4,79.1,3.35,57,"Fictional aggregate school-year survey extract for teaching. Index scores are school-level aggregates; mental_health_referral_rate is service contacts per 100 students, not diagnoses."
S060,High Desert High,2019,65.3,60.9,4.23,108,"Fictional aggregate school-year survey extract for teaching. Index scores are school-level aggregates; mental_health_referral_rate is service contacts per 100 students, not diagnoses."
S060,High Desert High,2020,65.0,59.2,4.33,107,"Fictional aggregate school-year survey extract for teaching. Index scores are school-level aggregates; mental_health_referral_rate is service contacts per 100 students, not diagnoses."
S060,High Desert High,2021,65.7,60.7,4.26,106,"Fictional aggregate school-year survey extract for teaching. Index scores are school-level aggregates; mental_health_referral_rate is service contacts per 100 students, not diagnoses."
S060,High Desert High,2022,65.9,61.5,4.61,109,"Fictional aggregate school-year survey extract for teaching. Index scores are school-level aggregates; mental_health_referral_rate is service contacts per 100 students, not diagnoses."
S060,High Desert High,2023,66.7,61.3,4.46,109,"Fictional aggregate school-year survey extract for teaching. Index scores are school-level aggregates; mental_health_referral_rate is service contacts per 100 students, not diagnoses."
S060,High Desert High,2024,66.7,61.5,4.53,109,"Fictional aggregate school-year survey extract for teaching. Index scores are school-level aggregates; mental_health_referral_rate is service contacts per 100 students, not diagnoses."
