school_id,school_name,year,student_health_index,student_wellbeing_score,mental_health_referral_rate,survey_response_count,survey_source_note
S001,Maple Grove Elementary,2019,73.1,65.9,,54,"Fictional aggregate school-year survey extract for teaching. Index scores are school-level aggregates; mental_health_referral_rate is service contacts per 100 students, not diagnoses."
S001,Maple Grove Elementary,2020,72.0,63.5,4.04,56,"Fictional aggregate school-year survey extract for teaching. Index scores are school-level aggregates; mental_health_referral_rate is service contacts per 100 students, not diagnoses."
S001,Maple Grove Elementary,2021,,,3.97,70,"Fictional aggregate school-year survey extract for teaching. Index scores are school-level aggregates; mental_health_referral_rate is service contacts per 100 students, not diagnoses."
S001,Maple Grove Elementary,2022,75.4,65.9,4.12,60,"Fictional aggregate school-year survey extract for teaching. Index scores are school-level aggregates; mental_health_referral_rate is service contacts per 100 students, not diagnoses."
S001,Maple Grove Elementary,2023,73.8,67.2,4.0,58,"Fictional aggregate school-year survey extract for teaching. Index scores are school-level aggregates; mental_health_referral_rate is service contacts per 100 students, not diagnoses."
S001,Maple Grove Elementary,2024,77.6,62.3,4.07,72,"Fictional aggregate school-year survey extract for teaching. Index scores are school-level aggregates; mental_health_referral_rate is service contacts per 100 students, not diagnoses."
S002,Rivera Middle School,2019,69.1,65.5,4.25,98,"Fictional aggregate school-year survey extract for teaching. Index scores are school-level aggregates; mental_health_referral_rate is service contacts per 100 students, not diagnoses."
S002,Rivera Middle School,2020,67.6,64.2,3.94,85,"Fictional aggregate school-year survey extract for teaching. Index scores are school-level aggregates; mental_health_referral_rate is service contacts per 100 students, not diagnoses."
S002,Rivera Middle School,2021,70.3,64.6,4.27,90,"Fictional aggregate school-year survey extract for teaching. Index scores are school-level aggregates; mental_health_referral_rate is service contacts per 100 students, not diagnoses."
S002,Rivera Middle School,2022,71.5,66.9,4.7,87,"Fictional aggregate school-year survey extract for teaching. Index scores are school-level aggregates; mental_health_referral_rate is service contacts per 100 students, not diagnoses."
S002,Rivera Middle School,2023,74.7,66.8,4.27,107,"Fictional aggregate school-year survey extract for teaching. Index scores are school-level aggregates; mental_health_referral_rate is service contacts per 100 students, not diagnoses."
S002,Rivera Middle School,2024,72.9,70.3,4.23,93,"Fictional aggregate school-year survey extract for teaching. Index scores are school-level aggregates; mental_health_referral_rate is service contacts per 100 students, not diagnoses."
S003,Cedar Valley High,2019,58.0,58.9,4.56,100,"Fictional aggregate school-year survey extract for teaching. Index scores are school-level aggregates; mental_health_referral_rate is service contacts per 100 students, not diagnoses."
S003,Cedar Valley High,2020,58.1,56.3,4.79,83,"Fictional aggregate school-year survey extract for teaching. Index scores are school-level aggregates; mental_health_referral_rate is service contacts per 100 students, not diagnoses."
S003,Cedar Valley High,2021,59.1,60.2,4.67,78,"Fictional aggregate school-year survey extract for teaching. Index scores are school-level aggregates; mental_health_referral_rate is service contacts per 100 students, not diagnoses."
S003,Cedar Valley High,2022,60.5,,4.46,105,"Fictional aggregate school-year survey extract for teaching. Index scores are school-level aggregates; mental_health_referral_rate is service contacts per 100 students, not diagnoses."
S003,Cedar Valley High,2023,60.3,59.1,4.92,81,"Fictional aggregate school-year survey extract for teaching. Index scores are school-level aggregates; mental_health_referral_rate is service contacts per 100 students, not diagnoses."
S003,Cedar Valley High,2024,64.1,60.0,4.29,90,"Fictional aggregate school-year survey extract for teaching. Index scores are school-level aggregates; mental_health_referral_rate is service contacts per 100 students, not diagnoses."
S004,Juniper Ridge Elementary,2019,66.0,65.6,3.87,47,"Fictional aggregate school-year survey extract for teaching. Index scores are school-level aggregates; mental_health_referral_rate is service contacts per 100 students, not diagnoses."
S004,Juniper Ridge Elementary,2020,68.6,66.0,4.0,40,"Fictional aggregate school-year survey extract for teaching. Index scores are school-level aggregates; mental_health_referral_rate is service contacts per 100 students, not diagnoses."
S004,Juniper Ridge Elementary,2021,70.8,66.0,3.79,43,"Fictional aggregate school-year survey extract for teaching. Index scores are school-level aggregates; mental_health_referral_rate is service contacts per 100 students, not diagnoses."
S004,Juniper Ridge Elementary,2022,72.2,68.0,4.06,52,"Fictional aggregate school-year survey extract for teaching. Index scores are school-level aggregates; mental_health_referral_rate is service contacts per 100 students, not diagnoses."
S004,Juniper Ridge Elementary,2023,72.8,69.2,4.15,52,"Fictional aggregate school-year survey extract for teaching. Index scores are school-level aggregates; mental_health_referral_rate is service contacts per 100 students, not diagnoses."
S004,Juniper Ridge Elementary,2024,73.9,71.0,3.96,53,"Fictional aggregate school-year survey extract for teaching. Index scores are school-level aggregates; mental_health_referral_rate is service contacts per 100 students, not diagnoses."
S005,Harborview K-8,2019,64.4,60.6,4.36,71,"Fictional aggregate school-year survey extract for teaching. Index scores are school-level aggregates; mental_health_referral_rate is service contacts per 100 students, not diagnoses."
S005,Harborview K-8,2020,64.3,59.8,4.7,73,"Fictional aggregate school-year survey extract for teaching. Index scores are school-level aggregates; mental_health_referral_rate is service contacts per 100 students, not diagnoses."
S005,Harborview K-8,2021,66.1,58.5,4.81,75,"Fictional aggregate school-year survey extract for teaching. Index scores are school-level aggregates; mental_health_referral_rate is service contacts per 100 students, not diagnoses."
S005,Harborview K-8,2022,68.8,60.9,,71,"Fictional aggregate school-year survey extract for teaching. Index scores are school-level aggregates; mental_health_referral_rate is service contacts per 100 students, not diagnoses."
S005,Harborview K-8,2023,70.6,63.6,4.76,85,"Fictional aggregate school-year survey extract for teaching. Index scores are school-level aggregates; mental_health_referral_rate is service contacts per 100 students, not diagnoses."
S005,Harborview K-8,2024,71.8,64.1,4.48,89,"Fictional aggregate school-year survey extract for teaching. Index scores are school-level aggregates; mental_health_referral_rate is service contacts per 100 students, not diagnoses."
S006,Lincoln High School,2019,60.4,50.0,4.8,124,"Fictional aggregate school-year survey extract for teaching. Index scores are school-level aggregates; mental_health_referral_rate is service contacts per 100 students, not diagnoses."
S006,Lincoln High School,2020,61.3,49.9,4.43,123,"Fictional aggregate school-year survey extract for teaching. Index scores are school-level aggregates; mental_health_referral_rate is service contacts per 100 students, not diagnoses."
S006,Lincoln High School,2021,61.1,51.0,4.46,132,"Fictional aggregate school-year survey extract for teaching. Index scores are school-level aggregates; mental_health_referral_rate is service contacts per 100 students, not diagnoses."
S006,Lincoln High School,2022,63.6,53.2,4.74,107,"Fictional aggregate school-year survey extract for teaching. Index scores are school-level aggregates; mental_health_referral_rate is service contacts per 100 students, not diagnoses."
S006,Lincoln High School,2023,65.4,54.0,4.55,107,"Fictional aggregate school-year survey extract for teaching. Index scores are school-level aggregates; mental_health_referral_rate is service contacts per 100 students, not diagnoses."
S006,Lincoln High School,2024,65.4,53.1,4.54,131,"Fictional aggregate school-year survey extract for teaching. Index scores are school-level aggregates; mental_health_referral_rate is service contacts per 100 students, not diagnoses."
S007,Sunrise STEM Academy,2019,68.5,63.6,4.5,68,"Fictional aggregate school-year survey extract for teaching. Index scores are school-level aggregates; mental_health_referral_rate is service contacts per 100 students, not diagnoses."
S007,Sunrise STEM Academy,2020,67.5,62.6,4.38,65,"Fictional aggregate school-year survey extract for teaching. Index scores are school-level aggregates; mental_health_referral_rate is service contacts per 100 students, not diagnoses."
S007,Sunrise STEM Academy,2021,66.2,60.5,4.18,68,"Fictional aggregate school-year survey extract for teaching. Index scores are school-level aggregates; mental_health_referral_rate is service contacts per 100 students, not diagnoses."
S007,Sunrise STEM Academy,2022,69.3,66.2,4.44,62,"Fictional aggregate school-year survey extract for teaching. Index scores are school-level aggregates; mental_health_referral_rate is service contacts per 100 students, not diagnoses."
S007,Sunrise STEM Academy,2023,68.2,67.5,4.77,68,"Fictional aggregate school-year survey extract for teaching. Index scores are school-level aggregates; mental_health_referral_rate is service contacts per 100 students, not diagnoses."
S007,Sunrise STEM Academy,2024,72.7,67.2,4.14,61,"Fictional aggregate school-year survey extract for teaching. Index scores are school-level aggregates; mental_health_referral_rate is service contacts per 100 students, not diagnoses."
S008,North Creek Middle,2019,65.2,64.5,4.2,95,"Fictional aggregate school-year survey extract for teaching. Index scores are school-level aggregates; mental_health_referral_rate is service contacts per 100 students, not diagnoses."
S008,North Creek Middle,2020,64.4,61.4,4.27,81,"Fictional aggregate school-year survey extract for teaching. Index scores are school-level aggregates; mental_health_referral_rate is service contacts per 100 students, not diagnoses."
S008,North Creek Middle,2021,67.1,64.3,4.08,88,"Fictional aggregate school-year survey extract for teaching. Index scores are school-level aggregates; mental_health_referral_rate is service contacts per 100 students, not diagnoses."
S008,North Creek Middle,2022,66.7,65.0,4.44,90,"Fictional aggregate school-year survey extract for teaching. Index scores are school-level aggregates; mental_health_referral_rate is service contacts per 100 students, not diagnoses."
S008,North Creek Middle,2023,68.7,65.8,4.51,85,"Fictional aggregate school-year survey extract for teaching. Index scores are school-level aggregates; mental_health_referral_rate is service contacts per 100 students, not diagnoses."
S008,North Creek Middle,2024,68.6,66.7,4.23,99,"Fictional aggregate school-year survey extract for teaching. Index scores are school-level aggregates; mental_health_referral_rate is service contacts per 100 students, not diagnoses."
S009,Rosa Parks Elementary,2019,68.0,65.7,4.05,64,"Fictional aggregate school-year survey extract for teaching. Index scores are school-level aggregates; mental_health_referral_rate is service contacts per 100 students, not diagnoses."
S009,Rosa Parks Elementary,2020,70.0,65.2,4.16,56,"Fictional aggregate school-year survey extract for teaching. Index scores are school-level aggregates; mental_health_referral_rate is service contacts per 100 students, not diagnoses."
S009,Rosa Parks Elementary,2021,67.0,64.1,,52,"Fictional aggregate school-year survey extract for teaching. Index scores are school-level aggregates; mental_health_referral_rate is service contacts per 100 students, not diagnoses."
S009,Rosa Parks Elementary,2022,70.8,67.3,4.23,50,"Fictional aggregate school-year survey extract for teaching. Index scores are school-level aggregates; mental_health_referral_rate is service contacts per 100 students, not diagnoses."
S009,Rosa Parks Elementary,2023,73.6,68.9,,57,"Fictional aggregate school-year survey extract for teaching. Index scores are school-level aggregates; mental_health_referral_rate is service contacts per 100 students, not diagnoses."
S009,Rosa Parks Elementary,2024,75.1,70.9,3.75,61,"Fictional aggregate school-year survey extract for teaching. Index scores are school-level aggregates; mental_health_referral_rate is service contacts per 100 students, not diagnoses."
S010,Orchard Hill School,2019,67.7,64.9,4.03,78,"Fictional aggregate school-year survey extract for teaching. Index scores are school-level aggregates; mental_health_referral_rate is service contacts per 100 students, not diagnoses."
S010,Orchard Hill School,2020,67.9,65.0,3.69,49,"Fictional aggregate school-year survey extract for teaching. Index scores are school-level aggregates; mental_health_referral_rate is service contacts per 100 students, not diagnoses."
S010,Orchard Hill School,2021,68.1,63.1,3.68,57,"Fictional aggregate school-year survey extract for teaching. Index scores are school-level aggregates; mental_health_referral_rate is service contacts per 100 students, not diagnoses."
S010,Orchard Hill School,2022,70.4,66.1,4.2,59,"Fictional aggregate school-year survey extract for teaching. Index scores are school-level aggregates; mental_health_referral_rate is service contacts per 100 students, not diagnoses."
S010,Orchard Hill School,2023,71.6,67.3,4.29,78,"Fictional aggregate school-year survey extract for teaching. Index scores are school-level aggregates; mental_health_referral_rate is service contacts per 100 students, not diagnoses."
S010,Orchard Hill School,2024,71.0,65.9,3.82,69,"Fictional aggregate school-year survey extract for teaching. Index scores are school-level aggregates; mental_health_referral_rate is service contacts per 100 students, not diagnoses."
S011,Prairie View High,2019,56.1,54.2,4.61,70,"Fictional aggregate school-year survey extract for teaching. Index scores are school-level aggregates; mental_health_referral_rate is service contacts per 100 students, not diagnoses."
S011,Prairie View High,2020,55.7,52.6,4.59,63,"Fictional aggregate school-year survey extract for teaching. Index scores are school-level aggregates; mental_health_referral_rate is service contacts per 100 students, not diagnoses."
S011,Prairie View High,2021,57.6,57.3,4.48,64,"Fictional aggregate school-year survey extract for teaching. Index scores are school-level aggregates; mental_health_referral_rate is service contacts per 100 students, not diagnoses."
S011,Prairie View High,2022,59.9,57.8,4.7,70,"Fictional aggregate school-year survey extract for teaching. Index scores are school-level aggregates; mental_health_referral_rate is service contacts per 100 students, not diagnoses."
S011,Prairie View High,2023,59.3,58.1,4.57,63,"Fictional aggregate school-year survey extract for teaching. Index scores are school-level aggregates; mental_health_referral_rate is service contacts per 100 students, not diagnoses."
S011,Prairie View High,2024,63.3,57.2,4.67,72,"Fictional aggregate school-year survey extract for teaching. Index scores are school-level aggregates; mental_health_referral_rate is service contacts per 100 students, not diagnoses."
S012,Lakefront Elementary,2019,69.2,63.0,4.18,39,"Fictional aggregate school-year survey extract for teaching. Index scores are school-level aggregates; mental_health_referral_rate is service contacts per 100 students, not diagnoses."
S012,Lakefront Elementary,2020,71.1,63.9,3.87,45,"Fictional aggregate school-year survey extract for teaching. Index scores are school-level aggregates; mental_health_referral_rate is service contacts per 100 students, not diagnoses."
S012,Lakefront Elementary,2021,71.9,63.9,3.9,40,"Fictional aggregate school-year survey extract for teaching. Index scores are school-level aggregates; mental_health_referral_rate is service contacts per 100 students, not diagnoses."
S012,Lakefront Elementary,2022,72.9,65.9,4.42,37,"Fictional aggregate school-year survey extract for teaching. Index scores are school-level aggregates; mental_health_referral_rate is service contacts per 100 students, not diagnoses."
S012,Lakefront Elementary,2023,72.2,66.4,4.45,38,"Fictional aggregate school-year survey extract for teaching. Index scores are school-level aggregates; mental_health_referral_rate is service contacts per 100 students, not diagnoses."
S012,Lakefront Elementary,2024,75.1,66.6,3.84,38,"Fictional aggregate school-year survey extract for teaching. Index scores are school-level aggregates; mental_health_referral_rate is service contacts per 100 students, not diagnoses."
S013,Mission Trails Middle,2019,66.8,58.9,4.01,67,"Fictional aggregate school-year survey extract for teaching. Index scores are school-level aggregates; mental_health_referral_rate is service contacts per 100 students, not diagnoses."
S013,Mission Trails Middle,2020,66.1,61.8,4.0,68,"Fictional aggregate school-year survey extract for teaching. Index scores are school-level aggregates; mental_health_referral_rate is service contacts per 100 students, not diagnoses."
S013,Mission Trails Middle,2021,65.7,62.3,4.23,80,"Fictional aggregate school-year survey extract for teaching. Index scores are school-level aggregates; mental_health_referral_rate is service contacts per 100 students, not diagnoses."
S013,Mission Trails Middle,2022,68.1,63.6,4.47,92,"Fictional aggregate school-year survey extract for teaching. Index scores are school-level aggregates; mental_health_referral_rate is service contacts per 100 students, not diagnoses."
S013,Mission Trails Middle,2023,72.5,65.4,4.57,100,"Fictional aggregate school-year survey extract for teaching. Index scores are school-level aggregates; mental_health_referral_rate is service contacts per 100 students, not diagnoses."
S013,Mission Trails Middle,2024,69.9,64.2,3.99,74,"Fictional aggregate school-year survey extract for teaching. Index scores are school-level aggregates; mental_health_referral_rate is service contacts per 100 students, not diagnoses."
S014,Eastside Community School,2019,68.7,63.5,4.09,81,"Fictional aggregate school-year survey extract for teaching. Index scores are school-level aggregates; mental_health_referral_rate is service contacts per 100 students, not diagnoses."
S014,Eastside Community School,2020,68.0,61.5,4.39,89,"Fictional aggregate school-year survey extract for teaching. Index scores are school-level aggregates; mental_health_referral_rate is service contacts per 100 students, not diagnoses."
S014,Eastside Community School,2021,68.5,61.3,4.62,96,"Fictional aggregate school-year survey extract for teaching. Index scores are school-level aggregates; mental_health_referral_rate is service contacts per 100 students, not diagnoses."
S014,Eastside Community School,2022,68.6,64.6,,93,"Fictional aggregate school-year survey extract for teaching. Index scores are school-level aggregates; mental_health_referral_rate is service contacts per 100 students, not diagnoses."
S014,Eastside Community School,2023,,,4.56,102,"Fictional aggregate school-year survey extract for teaching. Index scores are school-level aggregates; mental_health_referral_rate is service contacts per 100 students, not diagnoses."
S014,Eastside Community School,2024,71.8,63.6,4.14,109,"Fictional aggregate school-year survey extract for teaching. Index scores are school-level aggregates; mental_health_referral_rate is service contacts per 100 students, not diagnoses."
S015,Willow Bend Elementary,2019,70.0,67.4,4.27,51,"Fictional aggregate school-year survey extract for teaching. Index scores are school-level aggregates; mental_health_referral_rate is service contacts per 100 students, not diagnoses."
S015,Willow Bend Elementary,2020,69.7,66.0,3.78,43,"Fictional aggregate school-year survey extract for teaching. Index scores are school-level aggregates; mental_health_referral_rate is service contacts per 100 students, not diagnoses."
S015,Willow Bend Elementary,2021,69.0,67.4,4.02,50,"Fictional aggregate school-year survey extract for teaching. Index scores are school-level aggregates; mental_health_referral_rate is service contacts per 100 students, not diagnoses."
S015,Willow Bend Elementary,2022,73.5,71.9,3.99,52,"Fictional aggregate school-year survey extract for teaching. Index scores are school-level aggregates; mental_health_referral_rate is service contacts per 100 students, not diagnoses."
S015,Willow Bend Elementary,2023,73.9,71.8,4.35,53,"Fictional aggregate school-year survey extract for teaching. Index scores are school-level aggregates; mental_health_referral_rate is service contacts per 100 students, not diagnoses."
S015,Willow Bend Elementary,2024,73.5,72.0,3.76,64,"Fictional aggregate school-year survey extract for teaching. Index scores are school-level aggregates; mental_health_referral_rate is service contacts per 100 students, not diagnoses."
S016,Granite Peak High,2019,64.0,56.1,4.4,110,"Fictional aggregate school-year survey extract for teaching. Index scores are school-level aggregates; mental_health_referral_rate is service contacts per 100 students, not diagnoses."
S016,Granite Peak High,2020,63.6,52.6,5.01,84,"Fictional aggregate school-year survey extract for teaching. Index scores are school-level aggregates; mental_health_referral_rate is service contacts per 100 students, not diagnoses."
S016,Granite Peak High,2021,62.7,55.3,4.38,92,"Fictional aggregate school-year survey extract for teaching. Index scores are school-level aggregates; mental_health_referral_rate is service contacts per 100 students, not diagnoses."
S016,Granite Peak High,2022,66.1,55.3,5.0,88,"Fictional aggregate school-year survey extract for teaching. Index scores are school-level aggregates; mental_health_referral_rate is service contacts per 100 students, not diagnoses."
S016,Granite Peak High,2023,67.9,56.4,4.82,110,"Fictional aggregate school-year survey extract for teaching. Index scores are school-level aggregates; mental_health_referral_rate is service contacts per 100 students, not diagnoses."
S016,Granite Peak High,2024,68.2,57.6,4.1,101,"Fictional aggregate school-year survey extract for teaching. Index scores are school-level aggregates; mental_health_referral_rate is service contacts per 100 students, not diagnoses."
S017,Bay Meadow Middle,2019,64.6,58.2,4.56,92,"Fictional aggregate school-year survey extract for teaching. Index scores are school-level aggregates; mental_health_referral_rate is service contacts per 100 students, not diagnoses."
S017,Bay Meadow Middle,2020,65.9,54.5,4.55,87,"Fictional aggregate school-year survey extract for teaching. Index scores are school-level aggregates; mental_health_referral_rate is service contacts per 100 students, not diagnoses."
S017,Bay Meadow Middle,2021,64.8,57.0,4.74,86,"Fictional aggregate school-year survey extract for teaching. Index scores are school-level aggregates; mental_health_referral_rate is service contacts per 100 students, not diagnoses."
S017,Bay Meadow Middle,2022,68.2,58.2,4.83,95,"Fictional aggregate school-year survey extract for teaching. Index scores are school-level aggregates; mental_health_referral_rate is service contacts per 100 students, not diagnoses."
S017,Bay Meadow Middle,2023,68.9,62.2,4.07,111,"Fictional aggregate school-year survey extract for teaching. Index scores are school-level aggregates; mental_health_referral_rate is service contacts per 100 students, not diagnoses."
S017,Bay Meadow Middle,2024,70.8,63.8,4.76,100,"Fictional aggregate school-year survey extract for teaching. Index scores are school-level aggregates; mental_health_referral_rate is service contacts per 100 students, not diagnoses."
S018,Chavez Arts Academy,2019,65.4,60.7,4.36,67,"Fictional aggregate school-year survey extract for teaching. Index scores are school-level aggregates; mental_health_referral_rate is service contacts per 100 students, not diagnoses."
S018,Chavez Arts Academy,2020,67.6,63.5,4.45,66,"Fictional aggregate school-year survey extract for teaching. Index scores are school-level aggregates; mental_health_referral_rate is service contacts per 100 students, not diagnoses."
S018,Chavez Arts Academy,2021,64.8,60.7,3.92,71,"Fictional aggregate school-year survey extract for teaching. Index scores are school-level aggregates; mental_health_referral_rate is service contacts per 100 students, not diagnoses."
S018,Chavez Arts Academy,2022,67.5,63.6,4.8,77,"Fictional aggregate school-year survey extract for teaching. Index scores are school-level aggregates; mental_health_referral_rate is service contacts per 100 students, not diagnoses."
S018,Chavez Arts Academy,2023,68.2,64.0,4.64,77,"Fictional aggregate school-year survey extract for teaching. Index scores are school-level aggregates; mental_health_referral_rate is service contacts per 100 students, not diagnoses."
S018,Chavez Arts Academy,2024,70.1,66.4,3.91,65,"Fictional aggregate school-year survey extract for teaching. Index scores are school-level aggregates; mental_health_referral_rate is service contacts per 100 students, not diagnoses."
S019,South Fork Elementary,2019,67.3,62.8,4.14,49,"Fictional aggregate school-year survey extract for teaching. Index scores are school-level aggregates; mental_health_referral_rate is service contacts per 100 students, not diagnoses."
S019,South Fork Elementary,2020,67.6,61.7,4.06,38,"Fictional aggregate school-year survey extract for teaching. Index scores are school-level aggregates; mental_health_referral_rate is service contacts per 100 students, not diagnoses."
S019,South Fork Elementary,2021,67.9,64.7,3.9,49,"Fictional aggregate school-year survey extract for teaching. Index scores are school-level aggregates; mental_health_referral_rate is service contacts per 100 students, not diagnoses."
S019,South Fork Elementary,2022,70.0,64.5,4.31,47,"Fictional aggregate school-year survey extract for teaching. Index scores are school-level aggregates; mental_health_referral_rate is service contacts per 100 students, not diagnoses."
S019,South Fork Elementary,2023,68.6,64.5,4.54,50,"Fictional aggregate school-year survey extract for teaching. Index scores are school-level aggregates; mental_health_referral_rate is service contacts per 100 students, not diagnoses."
S019,South Fork Elementary,2024,72.8,67.6,3.98,48,"Fictional aggregate school-year survey extract for teaching. Index scores are school-level aggregates; mental_health_referral_rate is service contacts per 100 students, not diagnoses."
S020,New Horizons High,2019,56.2,54.1,5.18,63,"Fictional aggregate school-year survey extract for teaching. Index scores are school-level aggregates; mental_health_referral_rate is service contacts per 100 students, not diagnoses."
S020,New Horizons High,2020,56.7,54.3,4.65,41,"Fictional aggregate school-year survey extract for teaching. Index scores are school-level aggregates; mental_health_referral_rate is service contacts per 100 students, not diagnoses."
S020,New Horizons High,2021,59.2,53.8,4.51,44,"Fictional aggregate school-year survey extract for teaching. Index scores are school-level aggregates; mental_health_referral_rate is service contacts per 100 students, not diagnoses."
S020,New Horizons High,2022,60.4,55.5,4.89,60,"Fictional aggregate school-year survey extract for teaching. Index scores are school-level aggregates; mental_health_referral_rate is service contacts per 100 students, not diagnoses."
S020,New Horizons High,2023,,,4.93,62,"Fictional aggregate school-year survey extract for teaching. Index scores are school-level aggregates; mental_health_referral_rate is service contacts per 100 students, not diagnoses."
S020,New Horizons High,2024,66.3,,4.9,69,"Fictional aggregate school-year survey extract for teaching. Index scores are school-level aggregates; mental_health_referral_rate is service contacts per 100 students, not diagnoses."
S021,Aspen Ridge Elementary,2019,74.5,64.2,3.71,57,"Fictional aggregate school-year survey extract for teaching. Index scores are school-level aggregates; mental_health_referral_rate is service contacts per 100 students, not diagnoses."
S021,Aspen Ridge Elementary,2020,71.9,63.1,3.99,55,"Fictional aggregate school-year survey extract for teaching. Index scores are school-level aggregates; mental_health_referral_rate is service contacts per 100 students, not diagnoses."
S021,Aspen Ridge Elementary,2021,72.8,65.3,4.02,52,"Fictional aggregate school-year survey extract for teaching. Index scores are school-level aggregates; mental_health_referral_rate is service contacts per 100 students, not diagnoses."
S021,Aspen Ridge Elementary,2022,76.5,65.5,4.31,59,"Fictional aggregate school-year survey extract for teaching. Index scores are school-level aggregates; mental_health_referral_rate is service contacts per 100 students, not diagnoses."
S021,Aspen Ridge Elementary,2023,78.5,68.9,4.0,62,"Fictional aggregate school-year survey extract for teaching. Index scores are school-level aggregates; mental_health_referral_rate is service contacts per 100 students, not diagnoses."
S021,Aspen Ridge Elementary,2024,75.2,66.9,3.71,49,"Fictional aggregate school-year survey extract for teaching. Index scores are school-level aggregates; mental_health_referral_rate is service contacts per 100 students, not diagnoses."
S022,Brookside Middle School,2019,64.6,58.8,,93,"Fictional aggregate school-year survey extract for teaching. Index scores are school-level aggregates; mental_health_referral_rate is service contacts per 100 students, not diagnoses."
S022,Brookside Middle School,2020,65.7,60.3,4.51,73,"Fictional aggregate school-year survey extract for teaching. Index scores are school-level aggregates; mental_health_referral_rate is service contacts per 100 students, not diagnoses."
S022,Brookside Middle School,2021,68.0,61.0,4.35,77,"Fictional aggregate school-year survey extract for teaching. Index scores are school-level aggregates; mental_health_referral_rate is service contacts per 100 students, not diagnoses."
S022,Brookside Middle School,2022,67.8,64.2,4.59,87,"Fictional aggregate school-year survey extract for teaching. Index scores are school-level aggregates; mental_health_referral_rate is service contacts per 100 students, not diagnoses."
S022,Brookside Middle School,2023,70.3,64.4,4.68,96,"Fictional aggregate school-year survey extract for teaching. Index scores are school-level aggregates; mental_health_referral_rate is service contacts per 100 students, not diagnoses."
S022,Brookside Middle School,2024,70.1,,4.17,90,"Fictional aggregate school-year survey extract for teaching. Index scores are school-level aggregates; mental_health_referral_rate is service contacts per 100 students, not diagnoses."
S023,Canyon View High,2019,58.9,54.8,4.74,86,"Fictional aggregate school-year survey extract for teaching. Index scores are school-level aggregates; mental_health_referral_rate is service contacts per 100 students, not diagnoses."
S023,Canyon View High,2020,59.1,55.8,4.85,78,"Fictional aggregate school-year survey extract for teaching. Index scores are school-level aggregates; mental_health_referral_rate is service contacts per 100 students, not diagnoses."
S023,Canyon View High,2021,59.4,56.2,4.95,84,"Fictional aggregate school-year survey extract for teaching. Index scores are school-level aggregates; mental_health_referral_rate is service contacts per 100 students, not diagnoses."
S023,Canyon View High,2022,61.0,55.7,4.71,109,"Fictional aggregate school-year survey extract for teaching. Index scores are school-level aggregates; mental_health_referral_rate is service contacts per 100 students, not diagnoses."
S023,Canyon View High,2023,60.7,56.6,4.49,91,"Fictional aggregate school-year survey extract for teaching. Index scores are school-level aggregates; mental_health_referral_rate is service contacts per 100 students, not diagnoses."
S023,Canyon View High,2024,62.2,59.6,4.77,107,"Fictional aggregate school-year survey extract for teaching. Index scores are school-level aggregates; mental_health_referral_rate is service contacts per 100 students, not diagnoses."
S024,Desert Springs K-8,2019,66.2,60.3,4.32,67,"Fictional aggregate school-year survey extract for teaching. Index scores are school-level aggregates; mental_health_referral_rate is service contacts per 100 students, not diagnoses."
S024,Desert Springs K-8,2020,63.7,58.0,4.63,52,"Fictional aggregate school-year survey extract for teaching. Index scores are school-level aggregates; mental_health_referral_rate is service contacts per 100 students, not diagnoses."
S024,Desert Springs K-8,2021,65.8,60.7,3.98,46,"Fictional aggregate school-year survey extract for teaching. Index scores are school-level aggregates; mental_health_referral_rate is service contacts per 100 students, not diagnoses."
S024,Desert Springs K-8,2022,68.1,60.8,4.74,57,"Fictional aggregate school-year survey extract for teaching. Index scores are school-level aggregates; mental_health_referral_rate is service contacts per 100 students, not diagnoses."
S024,Desert Springs K-8,2023,70.5,64.1,4.89,69,"Fictional aggregate school-year survey extract for teaching. Index scores are school-level aggregates; mental_health_referral_rate is service contacts per 100 students, not diagnoses."
S024,Desert Springs K-8,2024,70.7,62.7,,78,"Fictional aggregate school-year survey extract for teaching. Index scores are school-level aggregates; mental_health_referral_rate is service contacts per 100 students, not diagnoses."
S025,Oak Terrace Elementary,2019,71.3,67.8,4.34,66,"Fictional aggregate school-year survey extract for teaching. Index scores are school-level aggregates; mental_health_referral_rate is service contacts per 100 students, not diagnoses."
S025,Oak Terrace Elementary,2020,70.8,67.8,4.08,50,"Fictional aggregate school-year survey extract for teaching. Index scores are school-level aggregates; mental_health_referral_rate is service contacts per 100 students, not diagnoses."
S025,Oak Terrace Elementary,2021,70.0,67.7,3.75,48,"Fictional aggregate school-year survey extract for teaching. Index scores are school-level aggregates; mental_health_referral_rate is service contacts per 100 students, not diagnoses."
S025,Oak Terrace Elementary,2022,71.6,70.2,3.75,60,"Fictional aggregate school-year survey extract for teaching. Index scores are school-level aggregates; mental_health_referral_rate is service contacts per 100 students, not diagnoses."
S025,Oak Terrace Elementary,2023,74.2,70.5,4.23,63,"Fictional aggregate school-year survey extract for teaching. Index scores are school-level aggregates; mental_health_referral_rate is service contacts per 100 students, not diagnoses."
S025,Oak Terrace Elementary,2024,70.3,70.7,3.97,65,"Fictional aggregate school-year survey extract for teaching. Index scores are school-level aggregates; mental_health_referral_rate is service contacts per 100 students, not diagnoses."
S026,Silver Lake Middle,2019,68.2,63.8,4.49,89,"Fictional aggregate school-year survey extract for teaching. Index scores are school-level aggregates; mental_health_referral_rate is service contacts per 100 students, not diagnoses."
S026,Silver Lake Middle,2020,67.4,61.8,4.14,79,"Fictional aggregate school-year survey extract for teaching. Index scores are school-level aggregates; mental_health_referral_rate is service contacts per 100 students, not diagnoses."
S026,Silver Lake Middle,2021,67.4,62.8,4.26,86,"Fictional aggregate school-year survey extract for teaching. Index scores are school-level aggregates; mental_health_referral_rate is service contacts per 100 students, not diagnoses."
S026,Silver Lake Middle,2022,70.7,66.2,4.38,93,"Fictional aggregate school-year survey extract for teaching. Index scores are school-level aggregates; mental_health_referral_rate is service contacts per 100 students, not diagnoses."
S026,Silver Lake Middle,2023,71.4,68.1,4.66,91,"Fictional aggregate school-year survey extract for teaching. Index scores are school-level aggregates; mental_health_referral_rate is service contacts per 100 students, not diagnoses."
S026,Silver Lake Middle,2024,71.5,68.1,3.68,77,"Fictional aggregate school-year survey extract for teaching. Index scores are school-level aggregates; mental_health_referral_rate is service contacts per 100 students, not diagnoses."
S027,Washington Prep High,2019,59.9,55.8,4.83,95,"Fictional aggregate school-year survey extract for teaching. Index scores are school-level aggregates; mental_health_referral_rate is service contacts per 100 students, not diagnoses."
S027,Washington Prep High,2020,61.9,54.7,4.97,92,"Fictional aggregate school-year survey extract for teaching. Index scores are school-level aggregates; mental_health_referral_rate is service contacts per 100 students, not diagnoses."
S027,Washington Prep High,2021,62.5,53.7,4.96,99,"Fictional aggregate school-year survey extract for teaching. Index scores are school-level aggregates; mental_health_referral_rate is service contacts per 100 students, not diagnoses."
S027,Washington Prep High,2022,65.1,56.2,4.79,92,"Fictional aggregate school-year survey extract for teaching. Index scores are school-level aggregates; mental_health_referral_rate is service contacts per 100 students, not diagnoses."
S027,Washington Prep High,2023,62.7,57.6,5.11,98,"Fictional aggregate school-year survey extract for teaching. Index scores are school-level aggregates; mental_health_referral_rate is service contacts per 100 students, not diagnoses."
S027,Washington Prep High,2024,65.9,57.1,4.73,120,"Fictional aggregate school-year survey extract for teaching. Index scores are school-level aggregates; mental_health_referral_rate is service contacts per 100 students, not diagnoses."
S028,Franklin Elementary,2019,70.4,69.9,3.97,82,"Fictional aggregate school-year survey extract for teaching. Index scores are school-level aggregates; mental_health_referral_rate is service contacts per 100 students, not diagnoses."
S028,Franklin Elementary,2020,71.2,69.8,4.28,64,"Fictional aggregate school-year survey extract for teaching. Index scores are school-level aggregates; mental_health_referral_rate is service contacts per 100 students, not diagnoses."
S028,Franklin Elementary,2021,73.8,69.8,3.84,78,"Fictional aggregate school-year survey extract for teaching. Index scores are school-level aggregates; mental_health_referral_rate is service contacts per 100 students, not diagnoses."
S028,Franklin Elementary,2022,73.0,67.4,4.25,67,"Fictional aggregate school-year survey extract for teaching. Index scores are school-level aggregates; mental_health_referral_rate is service contacts per 100 students, not diagnoses."
S028,Franklin Elementary,2023,73.5,70.3,4.11,70,"Fictional aggregate school-year survey extract for teaching. Index scores are school-level aggregates; mental_health_referral_rate is service contacts per 100 students, not diagnoses."
S028,Franklin Elementary,2024,72.7,71.8,3.84,85,"Fictional aggregate school-year survey extract for teaching. Index scores are school-level aggregates; mental_health_referral_rate is service contacts per 100 students, not diagnoses."
S029,Mountain View K-8,2019,64.1,65.5,4.25,75,"Fictional aggregate school-year survey extract for teaching. Index scores are school-level aggregates; mental_health_referral_rate is service contacts per 100 students, not diagnoses."
S029,Mountain View K-8,2020,64.3,60.4,4.2,59,"Fictional aggregate school-year survey extract for teaching. Index scores are school-level aggregates; mental_health_referral_rate is service contacts per 100 students, not diagnoses."
S029,Mountain View K-8,2021,65.6,62.8,4.09,59,"Fictional aggregate school-year survey extract for teaching. Index scores are school-level aggregates; mental_health_referral_rate is service contacts per 100 students, not diagnoses."
S029,Mountain View K-8,2022,68.4,62.8,4.87,69,"Fictional aggregate school-year survey extract for teaching. Index scores are school-level aggregates; mental_health_referral_rate is service contacts per 100 students, not diagnoses."
S029,Mountain View K-8,2023,67.7,63.9,4.34,67,"Fictional aggregate school-year survey extract for teaching. Index scores are school-level aggregates; mental_health_referral_rate is service contacts per 100 students, not diagnoses."
S029,Mountain View K-8,2024,69.3,65.2,4.14,71,"Fictional aggregate school-year survey extract for teaching. Index scores are school-level aggregates; mental_health_referral_rate is service contacts per 100 students, not diagnoses."
S030,Pioneer High School,2019,60.2,55.1,4.57,86,"Fictional aggregate school-year survey extract for teaching. Index scores are school-level aggregates; mental_health_referral_rate is service contacts per 100 students, not diagnoses."
S030,Pioneer High School,2020,60.2,54.3,4.37,82,"Fictional aggregate school-year survey extract for teaching. Index scores are school-level aggregates; mental_health_referral_rate is service contacts per 100 students, not diagnoses."
S030,Pioneer High School,2021,60.3,57.0,4.4,76,"Fictional aggregate school-year survey extract for teaching. Index scores are school-level aggregates; mental_health_referral_rate is service contacts per 100 students, not diagnoses."
S030,Pioneer High School,2022,62.8,58.0,4.77,89,"Fictional aggregate school-year survey extract for teaching. Index scores are school-level aggregates; mental_health_referral_rate is service contacts per 100 students, not diagnoses."
S030,Pioneer High School,2023,62.9,59.0,4.93,94,"Fictional aggregate school-year survey extract for teaching. Index scores are school-level aggregates; mental_health_referral_rate is service contacts per 100 students, not diagnoses."
S030,Pioneer High School,2024,65.2,57.8,4.8,104,"Fictional aggregate school-year survey extract for teaching. Index scores are school-level aggregates; mental_health_referral_rate is service contacts per 100 students, not diagnoses."
S031,Meadowbrook Elementary,2019,72.6,65.0,3.88,61,"Fictional aggregate school-year survey extract for teaching. Index scores are school-level aggregates; mental_health_referral_rate is service contacts per 100 students, not diagnoses."
S031,Meadowbrook Elementary,2020,73.1,63.8,3.84,67,"Fictional aggregate school-year survey extract for teaching. Index scores are school-level aggregates; mental_health_referral_rate is service contacts per 100 students, not diagnoses."
S031,Meadowbrook Elementary,2021,71.8,66.2,3.99,54,"Fictional aggregate school-year survey extract for teaching. Index scores are school-level aggregates; mental_health_referral_rate is service contacts per 100 students, not diagnoses."
S031,Meadowbrook Elementary,2022,74.0,66.7,4.11,65,"Fictional aggregate school-year survey extract for teaching. Index scores are school-level aggregates; mental_health_referral_rate is service contacts per 100 students, not diagnoses."
S031,Meadowbrook Elementary,2023,76.8,67.6,3.96,62,"Fictional aggregate school-year survey extract for teaching. Index scores are school-level aggregates; mental_health_referral_rate is service contacts per 100 students, not diagnoses."
S031,Meadowbrook Elementary,2024,75.7,69.2,3.88,78,"Fictional aggregate school-year survey extract for teaching. Index scores are school-level aggregates; mental_health_referral_rate is service contacts per 100 students, not diagnoses."
S032,Riverside Arts Middle,2019,65.4,59.0,4.25,99,"Fictional aggregate school-year survey extract for teaching. Index scores are school-level aggregates; mental_health_referral_rate is service contacts per 100 students, not diagnoses."
S032,Riverside Arts Middle,2020,64.2,55.5,4.34,91,"Fictional aggregate school-year survey extract for teaching. Index scores are school-level aggregates; mental_health_referral_rate is service contacts per 100 students, not diagnoses."
S032,Riverside Arts Middle,2021,68.3,58.2,4.78,74,"Fictional aggregate school-year survey extract for teaching. Index scores are school-level aggregates; mental_health_referral_rate is service contacts per 100 students, not diagnoses."
S032,Riverside Arts Middle,2022,68.8,58.8,4.79,101,"Fictional aggregate school-year survey extract for teaching. Index scores are school-level aggregates; mental_health_referral_rate is service contacts per 100 students, not diagnoses."
S032,Riverside Arts Middle,2023,71.4,61.9,5.04,96,"Fictional aggregate school-year survey extract for teaching. Index scores are school-level aggregates; mental_health_referral_rate is service contacts per 100 students, not diagnoses."
S032,Riverside Arts Middle,2024,71.4,61.3,4.36,100,"Fictional aggregate school-year survey extract for teaching. Index scores are school-level aggregates; mental_health_referral_rate is service contacts per 100 students, not diagnoses."
S033,Sequoia High,2019,58.6,53.0,5.07,97,"Fictional aggregate school-year survey extract for teaching. Index scores are school-level aggregates; mental_health_referral_rate is service contacts per 100 students, not diagnoses."
S033,Sequoia High,2020,56.5,50.3,4.91,89,"Fictional aggregate school-year survey extract for teaching. Index scores are school-level aggregates; mental_health_referral_rate is service contacts per 100 students, not diagnoses."
S033,Sequoia High,2021,56.5,54.1,4.83,79,"Fictional aggregate school-year survey extract for teaching. Index scores are school-level aggregates; mental_health_referral_rate is service contacts per 100 students, not diagnoses."
S033,Sequoia High,2022,58.3,53.6,5.21,72,"Fictional aggregate school-year survey extract for teaching. Index scores are school-level aggregates; mental_health_referral_rate is service contacts per 100 students, not diagnoses."
S033,Sequoia High,2023,58.0,54.8,4.89,109,"Fictional aggregate school-year survey extract for teaching. Index scores are school-level aggregates; mental_health_referral_rate is service contacts per 100 students, not diagnoses."
S033,Sequoia High,2024,61.6,55.8,5.09,79,"Fictional aggregate school-year survey extract for teaching. Index scores are school-level aggregates; mental_health_referral_rate is service contacts per 100 students, not diagnoses."
S034,Pinecrest Elementary,2019,71.8,67.3,3.53,36,"Fictional aggregate school-year survey extract for teaching. Index scores are school-level aggregates; mental_health_referral_rate is service contacts per 100 students, not diagnoses."
S034,Pinecrest Elementary,2020,72.2,64.1,3.97,35,"Fictional aggregate school-year survey extract for teaching. Index scores are school-level aggregates; mental_health_referral_rate is service contacts per 100 students, not diagnoses."
S034,Pinecrest Elementary,2021,74.4,64.4,3.94,40,"Fictional aggregate school-year survey extract for teaching. Index scores are school-level aggregates; mental_health_referral_rate is service contacts per 100 students, not diagnoses."
S034,Pinecrest Elementary,2022,74.2,67.7,4.77,45,"Fictional aggregate school-year survey extract for teaching. Index scores are school-level aggregates; mental_health_referral_rate is service contacts per 100 students, not diagnoses."
S034,Pinecrest Elementary,2023,74.8,70.6,4.32,48,"Fictional aggregate school-year survey extract for teaching. Index scores are school-level aggregates; mental_health_referral_rate is service contacts per 100 students, not diagnoses."
S034,Pinecrest Elementary,2024,75.1,67.4,3.61,38,"Fictional aggregate school-year survey extract for teaching. Index scores are school-level aggregates; mental_health_referral_rate is service contacts per 100 students, not diagnoses."
S035,Adams Community School,2019,66.0,61.7,4.29,89,"Fictional aggregate school-year survey extract for teaching. Index scores are school-level aggregates; mental_health_referral_rate is service contacts per 100 students, not diagnoses."
S035,Adams Community School,2020,65.9,61.9,4.47,84,"Fictional aggregate school-year survey extract for teaching. Index scores are school-level aggregates; mental_health_referral_rate is service contacts per 100 students, not diagnoses."
S035,Adams Community School,2021,67.0,61.8,4.25,92,"Fictional aggregate school-year survey extract for teaching. Index scores are school-level aggregates; mental_health_referral_rate is service contacts per 100 students, not diagnoses."
S035,Adams Community School,2022,69.2,64.1,4.41,86,"Fictional aggregate school-year survey extract for teaching. Index scores are school-level aggregates; mental_health_referral_rate is service contacts per 100 students, not diagnoses."
S035,Adams Community School,2023,70.9,65.0,4.63,98,"Fictional aggregate school-year survey extract for teaching. Index scores are school-level aggregates; mental_health_referral_rate is service contacts per 100 students, not diagnoses."
S035,Adams Community School,2024,71.1,65.7,4.22,101,"Fictional aggregate school-year survey extract for teaching. Index scores are school-level aggregates; mental_health_referral_rate is service contacts per 100 students, not diagnoses."
S036,Jefferson STEM High,2019,,,4.8,124,"Fictional aggregate school-year survey extract for teaching. Index scores are school-level aggregates; mental_health_referral_rate is service contacts per 100 students, not diagnoses."
S036,Jefferson STEM High,2020,60.4,51.8,4.74,101,"Fictional aggregate school-year survey extract for teaching. Index scores are school-level aggregates; mental_health_referral_rate is service contacts per 100 students, not diagnoses."
S036,Jefferson STEM High,2021,59.6,51.1,,105,"Fictional aggregate school-year survey extract for teaching. Index scores are school-level aggregates; mental_health_referral_rate is service contacts per 100 students, not diagnoses."
S036,Jefferson STEM High,2022,60.4,54.7,5.13,118,"Fictional aggregate school-year survey extract for teaching. Index scores are school-level aggregates; mental_health_referral_rate is service contacts per 100 students, not diagnoses."
S036,Jefferson STEM High,2023,62.8,54.7,5.32,119,"Fictional aggregate school-year survey extract for teaching. Index scores are school-level aggregates; mental_health_referral_rate is service contacts per 100 students, not diagnoses."
S036,Jefferson STEM High,2024,62.6,57.6,4.45,110,"Fictional aggregate school-year survey extract for teaching. Index scores are school-level aggregates; mental_health_referral_rate is service contacts per 100 students, not diagnoses."
S037,Blue Harbor Elementary,2019,68.4,64.6,4.34,59,"Fictional aggregate school-year survey extract for teaching. Index scores are school-level aggregates; mental_health_referral_rate is service contacts per 100 students, not diagnoses."
S037,Blue Harbor Elementary,2020,68.1,64.4,3.8,68,"Fictional aggregate school-year survey extract for teaching. Index scores are school-level aggregates; mental_health_referral_rate is service contacts per 100 students, not diagnoses."
S037,Blue Harbor Elementary,2021,67.5,65.2,4.03,59,"Fictional aggregate school-year survey extract for teaching. Index scores are school-level aggregates; mental_health_referral_rate is service contacts per 100 students, not diagnoses."
S037,Blue Harbor Elementary,2022,72.4,64.6,4.59,67,"Fictional aggregate school-year survey extract for teaching. Index scores are school-level aggregates; mental_health_referral_rate is service contacts per 100 students, not diagnoses."
S037,Blue Harbor Elementary,2023,70.4,69.5,4.24,68,"Fictional aggregate school-year survey extract for teaching. Index scores are school-level aggregates; mental_health_referral_rate is service contacts per 100 students, not diagnoses."
S037,Blue Harbor Elementary,2024,71.1,66.1,4.16,67,"Fictional aggregate school-year survey extract for teaching. Index scores are school-level aggregates; mental_health_referral_rate is service contacts per 100 students, not diagnoses."
S038,Marina Middle School,2019,67.5,59.5,4.12,90,"Fictional aggregate school-year survey extract for teaching. Index scores are school-level aggregates; mental_health_referral_rate is service contacts per 100 students, not diagnoses."
S038,Marina Middle School,2020,70.3,59.8,4.49,103,"Fictional aggregate school-year survey extract for teaching. Index scores are school-level aggregates; mental_health_referral_rate is service contacts per 100 students, not diagnoses."
S038,Marina Middle School,2021,68.9,58.0,,86,"Fictional aggregate school-year survey extract for teaching. Index scores are school-level aggregates; mental_health_referral_rate is service contacts per 100 students, not diagnoses."
S038,Marina Middle School,2022,72.4,62.0,,89,"Fictional aggregate school-year survey extract for teaching. Index scores are school-level aggregates; mental_health_referral_rate is service contacts per 100 students, not diagnoses."
S038,Marina Middle School,2023,,,4.64,105,"Fictional aggregate school-year survey extract for teaching. Index scores are school-level aggregates; mental_health_referral_rate is service contacts per 100 students, not diagnoses."
S038,Marina Middle School,2024,73.0,66.7,4.59,110,"Fictional aggregate school-year survey extract for teaching. Index scores are school-level aggregates; mental_health_referral_rate is service contacts per 100 students, not diagnoses."
S039,Hilltop Elementary,2019,67.4,64.0,3.69,35,"Fictional aggregate school-year survey extract for teaching. Index scores are school-level aggregates; mental_health_referral_rate is service contacts per 100 students, not diagnoses."
S039,Hilltop Elementary,2020,66.7,63.1,4.17,40,"Fictional aggregate school-year survey extract for teaching. Index scores are school-level aggregates; mental_health_referral_rate is service contacts per 100 students, not diagnoses."
S039,Hilltop Elementary,2021,69.5,64.5,4.07,35,"Fictional aggregate school-year survey extract for teaching. Index scores are school-level aggregates; mental_health_referral_rate is service contacts per 100 students, not diagnoses."
S039,Hilltop Elementary,2022,69.9,66.0,4.29,36,"Fictional aggregate school-year survey extract for teaching. Index scores are school-level aggregates; mental_health_referral_rate is service contacts per 100 students, not diagnoses."
S039,Hilltop Elementary,2023,70.9,63.8,4.71,41,"Fictional aggregate school-year survey extract for teaching. Index scores are school-level aggregates; mental_health_referral_rate is service contacts per 100 students, not diagnoses."
S039,Hilltop Elementary,2024,71.0,64.4,4.03,48,"Fictional aggregate school-year survey extract for teaching. Index scores are school-level aggregates; mental_health_referral_rate is service contacts per 100 students, not diagnoses."
S040,Summit Ridge High,2019,63.9,55.3,4.51,90,"Fictional aggregate school-year survey extract for teaching. Index scores are school-level aggregates; mental_health_referral_rate is service contacts per 100 students, not diagnoses."
S040,Summit Ridge High,2020,59.7,56.2,4.53,77,"Fictional aggregate school-year survey extract for teaching. Index scores are school-level aggregates; mental_health_referral_rate is service contacts per 100 students, not diagnoses."
S040,Summit Ridge High,2021,65.0,54.5,4.52,66,"Fictional aggregate school-year survey extract for teaching. Index scores are school-level aggregates; mental_health_referral_rate is service contacts per 100 students, not diagnoses."
S040,Summit Ridge High,2022,62.9,54.7,5.04,100,"Fictional aggregate school-year survey extract for teaching. Index scores are school-level aggregates; mental_health_referral_rate is service contacts per 100 students, not diagnoses."
S040,Summit Ridge High,2023,62.3,56.4,5.03,89,"Fictional aggregate school-year survey extract for teaching. Index scores are school-level aggregates; mental_health_referral_rate is service contacts per 100 students, not diagnoses."
S040,Summit Ridge High,2024,66.3,57.0,4.89,92,"Fictional aggregate school-year survey extract for teaching. Index scores are school-level aggregates; mental_health_referral_rate is service contacts per 100 students, not diagnoses."
S041,Cottonwood K-8,2019,69.3,61.0,4.21,93,"Fictional aggregate school-year survey extract for teaching. Index scores are school-level aggregates; mental_health_referral_rate is service contacts per 100 students, not diagnoses."
S041,Cottonwood K-8,2020,,,4.14,83,"Fictional aggregate school-year survey extract for teaching. Index scores are school-level aggregates; mental_health_referral_rate is service contacts per 100 students, not diagnoses."
S041,Cottonwood K-8,2021,71.7,63.4,4.14,80,"Fictional aggregate school-year survey extract for teaching. Index scores are school-level aggregates; mental_health_referral_rate is service contacts per 100 students, not diagnoses."
S041,Cottonwood K-8,2022,71.8,62.4,4.22,91,"Fictional aggregate school-year survey extract for teaching. Index scores are school-level aggregates; mental_health_referral_rate is service contacts per 100 students, not diagnoses."
S041,Cottonwood K-8,2023,73.5,65.4,3.9,84,"Fictional aggregate school-year survey extract for teaching. Index scores are school-level aggregates; mental_health_referral_rate is service contacts per 100 students, not diagnoses."
S041,Cottonwood K-8,2024,72.1,66.7,4.07,78,"Fictional aggregate school-year survey extract for teaching. Index scores are school-level aggregates; mental_health_referral_rate is service contacts per 100 students, not diagnoses."
S042,Mesa Verde Middle,2019,66.0,62.2,4.1,103,"Fictional aggregate school-year survey extract for teaching. Index scores are school-level aggregates; mental_health_referral_rate is service contacts per 100 students, not diagnoses."
S042,Mesa Verde Middle,2020,68.0,59.1,,79,"Fictional aggregate school-year survey extract for teaching. Index scores are school-level aggregates; mental_health_referral_rate is service contacts per 100 students, not diagnoses."
S042,Mesa Verde Middle,2021,67.0,60.8,4.19,67,"Fictional aggregate school-year survey extract for teaching. Index scores are school-level aggregates; mental_health_referral_rate is service contacts per 100 students, not diagnoses."
S042,Mesa Verde Middle,2022,71.0,60.6,4.74,95,"Fictional aggregate school-year survey extract for teaching. Index scores are school-level aggregates; mental_health_referral_rate is service contacts per 100 students, not diagnoses."
S042,Mesa Verde Middle,2023,71.7,64.5,4.56,96,"Fictional aggregate school-year survey extract for teaching. Index scores are school-level aggregates; mental_health_referral_rate is service contacts per 100 students, not diagnoses."
S042,Mesa Verde Middle,2024,72.3,64.8,4.03,86,"Fictional aggregate school-year survey extract for teaching. Index scores are school-level aggregates; mental_health_referral_rate is service contacts per 100 students, not diagnoses."
S043,Hamilton Elementary,2019,68.2,66.0,4.09,45,"Fictional aggregate school-year survey extract for teaching. Index scores are school-level aggregates; mental_health_referral_rate is service contacts per 100 students, not diagnoses."
S043,Hamilton Elementary,2020,67.6,66.1,4.05,48,"Fictional aggregate school-year survey extract for teaching. Index scores are school-level aggregates; mental_health_referral_rate is service contacts per 100 students, not diagnoses."
S043,Hamilton Elementary,2021,69.7,64.8,3.91,56,"Fictional aggregate school-year survey extract for teaching. Index scores are school-level aggregates; mental_health_referral_rate is service contacts per 100 students, not diagnoses."
S043,Hamilton Elementary,2022,68.3,66.5,4.28,50,"Fictional aggregate school-year survey extract for teaching. Index scores are school-level aggregates; mental_health_referral_rate is service contacts per 100 students, not diagnoses."
S043,Hamilton Elementary,2023,70.1,67.0,4.14,51,"Fictional aggregate school-year survey extract for teaching. Index scores are school-level aggregates; mental_health_referral_rate is service contacts per 100 students, not diagnoses."
S043,Hamilton Elementary,2024,66.9,65.4,3.84,56,"Fictional aggregate school-year survey extract for teaching. Index scores are school-level aggregates; mental_health_referral_rate is service contacts per 100 students, not diagnoses."
S044,Roosevelt High School,2019,60.1,56.5,4.8,94,"Fictional aggregate school-year survey extract for teaching. Index scores are school-level aggregates; mental_health_referral_rate is service contacts per 100 students, not diagnoses."
S044,Roosevelt High School,2020,61.0,55.2,4.51,68,"Fictional aggregate school-year survey extract for teaching. Index scores are school-level aggregates; mental_health_referral_rate is service contacts per 100 students, not diagnoses."
S044,Roosevelt High School,2021,59.3,58.3,4.47,94,"Fictional aggregate school-year survey extract for teaching. Index scores are school-level aggregates; mental_health_referral_rate is service contacts per 100 students, not diagnoses."
S044,Roosevelt High School,2022,63.1,61.6,4.89,120,"Fictional aggregate school-year survey extract for teaching. Index scores are school-level aggregates; mental_health_referral_rate is service contacts per 100 students, not diagnoses."
S044,Roosevelt High School,2023,65.3,59.1,4.64,110,"Fictional aggregate school-year survey extract for teaching. Index scores are school-level aggregates; mental_health_referral_rate is service contacts per 100 students, not diagnoses."
S044,Roosevelt High School,2024,63.3,60.3,4.49,104,"Fictional aggregate school-year survey extract for teaching. Index scores are school-level aggregates; mental_health_referral_rate is service contacts per 100 students, not diagnoses."
S045,Lakeshore Elementary,2019,74.7,63.1,,52,"Fictional aggregate school-year survey extract for teaching. Index scores are school-level aggregates; mental_health_referral_rate is service contacts per 100 students, not diagnoses."
S045,Lakeshore Elementary,2020,71.7,62.8,3.94,48,"Fictional aggregate school-year survey extract for teaching. Index scores are school-level aggregates; mental_health_referral_rate is service contacts per 100 students, not diagnoses."
S045,Lakeshore Elementary,2021,71.3,62.9,3.82,46,"Fictional aggregate school-year survey extract for teaching. Index scores are school-level aggregates; mental_health_referral_rate is service contacts per 100 students, not diagnoses."
S045,Lakeshore Elementary,2022,72.4,62.7,4.42,62,"Fictional aggregate school-year survey extract for teaching. Index scores are school-level aggregates; mental_health_referral_rate is service contacts per 100 students, not diagnoses."
S045,Lakeshore Elementary,2023,74.2,64.5,4.44,53,"Fictional aggregate school-year survey extract for teaching. Index scores are school-level aggregates; mental_health_referral_rate is service contacts per 100 students, not diagnoses."
S045,Lakeshore Elementary,2024,74.7,67.0,3.75,54,"Fictional aggregate school-year survey extract for teaching. Index scores are school-level aggregates; mental_health_referral_rate is service contacts per 100 students, not diagnoses."
S046,North Shore Middle,2019,70.4,59.1,4.24,93,"Fictional aggregate school-year survey extract for teaching. Index scores are school-level aggregates; mental_health_referral_rate is service contacts per 100 students, not diagnoses."
S046,North Shore Middle,2020,67.0,58.2,4.72,74,"Fictional aggregate school-year survey extract for teaching. Index scores are school-level aggregates; mental_health_referral_rate is service contacts per 100 students, not diagnoses."
S046,North Shore Middle,2021,69.7,60.6,4.33,80,"Fictional aggregate school-year survey extract for teaching. Index scores are school-level aggregates; mental_health_referral_rate is service contacts per 100 students, not diagnoses."
S046,North Shore Middle,2022,72.3,62.2,4.18,96,"Fictional aggregate school-year survey extract for teaching. Index scores are school-level aggregates; mental_health_referral_rate is service contacts per 100 students, not diagnoses."
S046,North Shore Middle,2023,73.7,61.0,4.46,81,"Fictional aggregate school-year survey extract for teaching. Index scores are school-level aggregates; mental_health_referral_rate is service contacts per 100 students, not diagnoses."
S046,North Shore Middle,2024,74.1,60.9,4.1,91,"Fictional aggregate school-year survey extract for teaching. Index scores are school-level aggregates; mental_health_referral_rate is service contacts per 100 students, not diagnoses."
S047,Camino Real Academy,2019,65.9,63.0,4.2,81,"Fictional aggregate school-year survey extract for teaching. Index scores are school-level aggregates; mental_health_referral_rate is service contacts per 100 students, not diagnoses."
S047,Camino Real Academy,2020,65.6,60.5,4.13,81,"Fictional aggregate school-year survey extract for teaching. Index scores are school-level aggregates; mental_health_referral_rate is service contacts per 100 students, not diagnoses."
S047,Camino Real Academy,2021,66.2,59.4,4.45,66,"Fictional aggregate school-year survey extract for teaching. Index scores are school-level aggregates; mental_health_referral_rate is service contacts per 100 students, not diagnoses."
S047,Camino Real Academy,2022,68.2,62.0,4.5,77,"Fictional aggregate school-year survey extract for teaching. Index scores are school-level aggregates; mental_health_referral_rate is service contacts per 100 students, not diagnoses."
S047,Camino Real Academy,2023,70.5,64.9,4.45,76,"Fictional aggregate school-year survey extract for teaching. Index scores are school-level aggregates; mental_health_referral_rate is service contacts per 100 students, not diagnoses."
S047,Camino Real Academy,2024,69.0,64.5,4.33,96,"Fictional aggregate school-year survey extract for teaching. Index scores are school-level aggregates; mental_health_referral_rate is service contacts per 100 students, not diagnoses."
S048,Esperanza High School,2019,60.3,53.3,4.36,115,"Fictional aggregate school-year survey extract for teaching. Index scores are school-level aggregates; mental_health_referral_rate is service contacts per 100 students, not diagnoses."
S048,Esperanza High School,2020,58.7,54.3,4.63,111,"Fictional aggregate school-year survey extract for teaching. Index scores are school-level aggregates; mental_health_referral_rate is service contacts per 100 students, not diagnoses."
S048,Esperanza High School,2021,58.3,55.0,5.06,115,"Fictional aggregate school-year survey extract for teaching. Index scores are school-level aggregates; mental_health_referral_rate is service contacts per 100 students, not diagnoses."
S048,Esperanza High School,2022,60.7,57.7,5.05,110,"Fictional aggregate school-year survey extract for teaching. Index scores are school-level aggregates; mental_health_referral_rate is service contacts per 100 students, not diagnoses."
S048,Esperanza High School,2023,65.1,56.6,5.17,108,"Fictional aggregate school-year survey extract for teaching. Index scores are school-level aggregates; mental_health_referral_rate is service contacts per 100 students, not diagnoses."
S048,Esperanza High School,2024,65.6,57.1,4.63,114,"Fictional aggregate school-year survey extract for teaching. Index scores are school-level aggregates; mental_health_referral_rate is service contacts per 100 students, not diagnoses."
S049,Sycamore Elementary,2019,68.5,68.0,3.83,63,"Fictional aggregate school-year survey extract for teaching. Index scores are school-level aggregates; mental_health_referral_rate is service contacts per 100 students, not diagnoses."
S049,Sycamore Elementary,2020,68.6,66.3,3.79,78,"Fictional aggregate school-year survey extract for teaching. Index scores are school-level aggregates; mental_health_referral_rate is service contacts per 100 students, not diagnoses."
S049,Sycamore Elementary,2021,69.5,65.4,,69,"Fictional aggregate school-year survey extract for teaching. Index scores are school-level aggregates; mental_health_referral_rate is service contacts per 100 students, not diagnoses."
S049,Sycamore Elementary,2022,74.6,66.7,4.32,72,"Fictional aggregate school-year survey extract for teaching. Index scores are school-level aggregates; mental_health_referral_rate is service contacts per 100 students, not diagnoses."
S049,Sycamore Elementary,2023,73.3,68.4,4.24,70,"Fictional aggregate school-year survey extract for teaching. Index scores are school-level aggregates; mental_health_referral_rate is service contacts per 100 students, not diagnoses."
S049,Sycamore Elementary,2024,72.7,68.4,3.71,76,"Fictional aggregate school-year survey extract for teaching. Index scores are school-level aggregates; mental_health_referral_rate is service contacts per 100 students, not diagnoses."
S050,Westfield Middle,2019,66.2,61.2,4.15,102,"Fictional aggregate school-year survey extract for teaching. Index scores are school-level aggregates; mental_health_referral_rate is service contacts per 100 students, not diagnoses."
S050,Westfield Middle,2020,65.5,57.9,4.39,73,"Fictional aggregate school-year survey extract for teaching. Index scores are school-level aggregates; mental_health_referral_rate is service contacts per 100 students, not diagnoses."
S050,Westfield Middle,2021,68.7,60.1,4.34,66,"Fictional aggregate school-year survey extract for teaching. Index scores are school-level aggregates; mental_health_referral_rate is service contacts per 100 students, not diagnoses."
S050,Westfield Middle,2022,69.7,61.0,4.23,93,"Fictional aggregate school-year survey extract for teaching. Index scores are school-level aggregates; mental_health_referral_rate is service contacts per 100 students, not diagnoses."
S050,Westfield Middle,2023,70.6,64.3,4.49,82,"Fictional aggregate school-year survey extract for teaching. Index scores are school-level aggregates; mental_health_referral_rate is service contacts per 100 students, not diagnoses."
S050,Westfield Middle,2024,71.6,63.5,4.13,104,"Fictional aggregate school-year survey extract for teaching. Index scores are school-level aggregates; mental_health_referral_rate is service contacts per 100 students, not diagnoses."
S051,Golden Gate Elementary,2019,68.1,64.0,3.87,67,"Fictional aggregate school-year survey extract for teaching. Index scores are school-level aggregates; mental_health_referral_rate is service contacts per 100 students, not diagnoses."
S051,Golden Gate Elementary,2020,70.0,64.2,4.3,62,"Fictional aggregate school-year survey extract for teaching. Index scores are school-level aggregates; mental_health_referral_rate is service contacts per 100 students, not diagnoses."
S051,Golden Gate Elementary,2021,70.8,65.1,4.06,62,"Fictional aggregate school-year survey extract for teaching. Index scores are school-level aggregates; mental_health_referral_rate is service contacts per 100 students, not diagnoses."
S051,Golden Gate Elementary,2022,72.7,65.5,4.41,79,"Fictional aggregate school-year survey extract for teaching. Index scores are school-level aggregates; mental_health_referral_rate is service contacts per 100 students, not diagnoses."
S051,Golden Gate Elementary,2023,73.0,66.1,4.01,69,"Fictional aggregate school-year survey extract for teaching. Index scores are school-level aggregates; mental_health_referral_rate is service contacts per 100 students, not diagnoses."
S051,Golden Gate Elementary,2024,75.1,67.7,4.36,86,"Fictional aggregate school-year survey extract for teaching. Index scores are school-level aggregates; mental_health_referral_rate is service contacts per 100 students, not diagnoses."
S052,Mission Bay High,2019,60.6,54.6,,102,"Fictional aggregate school-year survey extract for teaching. Index scores are school-level aggregates; mental_health_referral_rate is service contacts per 100 students, not diagnoses."
S052,Mission Bay High,2020,57.8,53.4,5.01,79,"Fictional aggregate school-year survey extract for teaching. Index scores are school-level aggregates; mental_health_referral_rate is service contacts per 100 students, not diagnoses."
S052,Mission Bay High,2021,62.8,53.9,4.79,90,"Fictional aggregate school-year survey extract for teaching. Index scores are school-level aggregates; mental_health_referral_rate is service contacts per 100 students, not diagnoses."
S052,Mission Bay High,2022,63.1,58.7,,94,"Fictional aggregate school-year survey extract for teaching. Index scores are school-level aggregates; mental_health_referral_rate is service contacts per 100 students, not diagnoses."
S052,Mission Bay High,2023,63.6,58.4,4.8,103,"Fictional aggregate school-year survey extract for teaching. Index scores are school-level aggregates; mental_health_referral_rate is service contacts per 100 students, not diagnoses."
S052,Mission Bay High,2024,64.2,58.1,4.83,111,"Fictional aggregate school-year survey extract for teaching. Index scores are school-level aggregates; mental_health_referral_rate is service contacts per 100 students, not diagnoses."
S053,Valley Oak K-8,2019,64.8,63.9,4.07,71,"Fictional aggregate school-year survey extract for teaching. Index scores are school-level aggregates; mental_health_referral_rate is service contacts per 100 students, not diagnoses."
S053,Valley Oak K-8,2020,66.6,62.9,3.99,60,"Fictional aggregate school-year survey extract for teaching. Index scores are school-level aggregates; mental_health_referral_rate is service contacts per 100 students, not diagnoses."
S053,Valley Oak K-8,2021,,,4.45,79,"Fictional aggregate school-year survey extract for teaching. Index scores are school-level aggregates; mental_health_referral_rate is service contacts per 100 students, not diagnoses."
S053,Valley Oak K-8,2022,69.8,65.3,4.63,51,"Fictional aggregate school-year survey extract for teaching. Index scores are school-level aggregates; mental_health_referral_rate is service contacts per 100 students, not diagnoses."
S053,Valley Oak K-8,2023,71.3,,4.17,78,"Fictional aggregate school-year survey extract for teaching. Index scores are school-level aggregates; mental_health_referral_rate is service contacts per 100 students, not diagnoses."
S053,Valley Oak K-8,2024,72.6,67.5,3.76,73,"Fictional aggregate school-year survey extract for teaching. Index scores are school-level aggregates; mental_health_referral_rate is service contacts per 100 students, not diagnoses."
S054,Oak Meadow High,2019,59.2,56.8,4.41,84,"Fictional aggregate school-year survey extract for teaching. Index scores are school-level aggregates; mental_health_referral_rate is service contacts per 100 students, not diagnoses."
S054,Oak Meadow High,2020,60.0,,4.93,78,"Fictional aggregate school-year survey extract for teaching. Index scores are school-level aggregates; mental_health_referral_rate is service contacts per 100 students, not diagnoses."
S054,Oak Meadow High,2021,60.9,54.8,4.51,78,"Fictional aggregate school-year survey extract for teaching. Index scores are school-level aggregates; mental_health_referral_rate is service contacts per 100 students, not diagnoses."
S054,Oak Meadow High,2022,58.9,59.9,4.87,101,"Fictional aggregate school-year survey extract for teaching. Index scores are school-level aggregates; mental_health_referral_rate is service contacts per 100 students, not diagnoses."
S054,Oak Meadow High,2023,61.5,59.7,4.79,107,"Fictional aggregate school-year survey extract for teaching. Index scores are school-level aggregates; mental_health_referral_rate is service contacts per 100 students, not diagnoses."
S054,Oak Meadow High,2024,61.8,59.8,4.4,117,"Fictional aggregate school-year survey extract for teaching. Index scores are school-level aggregates; mental_health_referral_rate is service contacts per 100 students, not diagnoses."
S055,Hawthorne Elementary,2019,71.1,66.0,4.15,56,"Fictional aggregate school-year survey extract for teaching. Index scores are school-level aggregates; mental_health_referral_rate is service contacts per 100 students, not diagnoses."
S055,Hawthorne Elementary,2020,71.1,64.8,4.07,56,"Fictional aggregate school-year survey extract for teaching. Index scores are school-level aggregates; mental_health_referral_rate is service contacts per 100 students, not diagnoses."
S055,Hawthorne Elementary,2021,71.1,66.1,3.91,45,"Fictional aggregate school-year survey extract for teaching. Index scores are school-level aggregates; mental_health_referral_rate is service contacts per 100 students, not diagnoses."
S055,Hawthorne Elementary,2022,72.1,64.9,3.95,65,"Fictional aggregate school-year survey extract for teaching. Index scores are school-level aggregates; mental_health_referral_rate is service contacts per 100 students, not diagnoses."
S055,Hawthorne Elementary,2023,73.3,,4.15,64,"Fictional aggregate school-year survey extract for teaching. Index scores are school-level aggregates; mental_health_referral_rate is service contacts per 100 students, not diagnoses."
S055,Hawthorne Elementary,2024,75.4,65.1,3.88,56,"Fictional aggregate school-year survey extract for teaching. Index scores are school-level aggregates; mental_health_referral_rate is service contacts per 100 students, not diagnoses."
S056,East River Middle,2019,64.8,63.0,4.25,94,"Fictional aggregate school-year survey extract for teaching. Index scores are school-level aggregates; mental_health_referral_rate is service contacts per 100 students, not diagnoses."
S056,East River Middle,2020,63.7,63.0,4.14,75,"Fictional aggregate school-year survey extract for teaching. Index scores are school-level aggregates; mental_health_referral_rate is service contacts per 100 students, not diagnoses."
S056,East River Middle,2021,65.4,61.0,4.44,69,"Fictional aggregate school-year survey extract for teaching. Index scores are school-level aggregates; mental_health_referral_rate is service contacts per 100 students, not diagnoses."
S056,East River Middle,2022,65.3,59.9,4.55,104,"Fictional aggregate school-year survey extract for teaching. Index scores are school-level aggregates; mental_health_referral_rate is service contacts per 100 students, not diagnoses."
S056,East River Middle,2023,66.9,64.4,4.21,81,"Fictional aggregate school-year survey extract for teaching. Index scores are school-level aggregates; mental_health_referral_rate is service contacts per 100 students, not diagnoses."
S056,East River Middle,2024,65.5,62.7,4.48,93,"Fictional aggregate school-year survey extract for teaching. Index scores are school-level aggregates; mental_health_referral_rate is service contacts per 100 students, not diagnoses."
S057,Cabrillo Science Academy,2019,67.0,60.5,4.35,112,"Fictional aggregate school-year survey extract for teaching. Index scores are school-level aggregates; mental_health_referral_rate is service contacts per 100 students, not diagnoses."
S057,Cabrillo Science Academy,2020,66.3,59.8,4.29,99,"Fictional aggregate school-year survey extract for teaching. Index scores are school-level aggregates; mental_health_referral_rate is service contacts per 100 students, not diagnoses."
S057,Cabrillo Science Academy,2021,68.5,61.4,4.06,92,"Fictional aggregate school-year survey extract for teaching. Index scores are school-level aggregates; mental_health_referral_rate is service contacts per 100 students, not diagnoses."
S057,Cabrillo Science Academy,2022,68.1,62.0,4.35,99,"Fictional aggregate school-year survey extract for teaching. Index scores are school-level aggregates; mental_health_referral_rate is service contacts per 100 students, not diagnoses."
S057,Cabrillo Science Academy,2023,69.9,65.0,4.72,109,"Fictional aggregate school-year survey extract for teaching. Index scores are school-level aggregates; mental_health_referral_rate is service contacts per 100 students, not diagnoses."
S057,Cabrillo Science Academy,2024,69.8,61.1,4.7,95,"Fictional aggregate school-year survey extract for teaching. Index scores are school-level aggregates; mental_health_referral_rate is service contacts per 100 students, not diagnoses."
S058,Pacific View High,2019,61.7,54.4,4.9,102,"Fictional aggregate school-year survey extract for teaching. Index scores are school-level aggregates; mental_health_referral_rate is service contacts per 100 students, not diagnoses."
S058,Pacific View High,2020,62.2,52.9,4.84,99,"Fictional aggregate school-year survey extract for teaching. Index scores are school-level aggregates; mental_health_referral_rate is service contacts per 100 students, not diagnoses."
S058,Pacific View High,2021,60.6,54.0,4.91,97,"Fictional aggregate school-year survey extract for teaching. Index scores are school-level aggregates; mental_health_referral_rate is service contacts per 100 students, not diagnoses."
S058,Pacific View High,2022,64.6,56.6,4.56,126,"Fictional aggregate school-year survey extract for teaching. Index scores are school-level aggregates; mental_health_referral_rate is service contacts per 100 students, not diagnoses."
S058,Pacific View High,2023,65.7,57.4,5.08,126,"Fictional aggregate school-year survey extract for teaching. Index scores are school-level aggregates; mental_health_referral_rate is service contacts per 100 students, not diagnoses."
S058,Pacific View High,2024,65.7,56.5,4.6,113,"Fictional aggregate school-year survey extract for teaching. Index scores are school-level aggregates; mental_health_referral_rate is service contacts per 100 students, not diagnoses."
S059,Liberty Elementary,2019,70.0,,4.04,52,"Fictional aggregate school-year survey extract for teaching. Index scores are school-level aggregates; mental_health_referral_rate is service contacts per 100 students, not diagnoses."
S059,Liberty Elementary,2020,66.8,62.2,4.09,41,"Fictional aggregate school-year survey extract for teaching. Index scores are school-level aggregates; mental_health_referral_rate is service contacts per 100 students, not diagnoses."
S059,Liberty Elementary,2021,68.3,64.8,4.04,55,"Fictional aggregate school-year survey extract for teaching. Index scores are school-level aggregates; mental_health_referral_rate is service contacts per 100 students, not diagnoses."
S059,Liberty Elementary,2022,67.7,64.7,4.57,45,"Fictional aggregate school-year survey extract for teaching. Index scores are school-level aggregates; mental_health_referral_rate is service contacts per 100 students, not diagnoses."
S059,Liberty Elementary,2023,72.4,,3.84,55,"Fictional aggregate school-year survey extract for teaching. Index scores are school-level aggregates; mental_health_referral_rate is service contacts per 100 students, not diagnoses."
S059,Liberty Elementary,2024,72.0,67.8,4.1,47,"Fictional aggregate school-year survey extract for teaching. Index scores are school-level aggregates; mental_health_referral_rate is service contacts per 100 students, not diagnoses."
S060,High Desert High,2019,60.1,56.9,4.69,86,"Fictional aggregate school-year survey extract for teaching. Index scores are school-level aggregates; mental_health_referral_rate is service contacts per 100 students, not diagnoses."
S060,High Desert High,2020,60.2,57.6,4.39,80,"Fictional aggregate school-year survey extract for teaching. Index scores are school-level aggregates; mental_health_referral_rate is service contacts per 100 students, not diagnoses."
S060,High Desert High,2021,62.9,57.5,4.51,69,"Fictional aggregate school-year survey extract for teaching. Index scores are school-level aggregates; mental_health_referral_rate is service contacts per 100 students, not diagnoses."
S060,High Desert High,2022,61.0,60.8,4.57,81,"Fictional aggregate school-year survey extract for teaching. Index scores are school-level aggregates; mental_health_referral_rate is service contacts per 100 students, not diagnoses."
S060,High Desert High,2023,62.6,60.0,4.69,94,"Fictional aggregate school-year survey extract for teaching. Index scores are school-level aggregates; mental_health_referral_rate is service contacts per 100 students, not diagnoses."
S060,High Desert High,2024,66.0,59.1,4.37,80,"Fictional aggregate school-year survey extract for teaching. Index scores are school-level aggregates; mental_health_referral_rate is service contacts per 100 students, not diagnoses."
